dataset,scenario,mae_count,mae_mean,mae_std,mae_median,mae_q1,mae_q3,mae_iqr,mae_ci95_low,mae_ci95_high,rmse_count,rmse_mean,rmse_std,rmse_median,rmse_q1,rmse_q3,rmse_iqr,rmse_ci95_low,rmse_ci95_high,smape_count,smape_mean,smape_std,smape_median,smape_q1,smape_q3,smape_iqr,smape_ci95_low,smape_ci95_high,mase_count,mase_mean,mase_std,mase_median,mase_q1,mase_q3,mase_iqr,mase_ci95_low,mase_ci95_high,r2_count,r2_mean,r2_std,r2_median,r2_q1,r2_q3,r2_iqr,r2_ci95_low,r2_ci95_high
AirPassengers,S1,50,147.28232533680793,160.73645745372244,77.79012400696496,21.959840810149878,331.9985144549403,310.0386736447904,102.72845242943131,191.83619824418454,50,160.4985994404156,158.78436939076184,101.90508797688334,26.03914002066169,342.28668136090585,316.24754134024414,116.48581773810176,204.51138114272945,50,54.86826407030654,72.56950096552606,17.917062569495812,4.892850811020417,137.10083534509894,132.20798453407852,34.75302466420804,74.98350347640503,50,6.992996704871347,7.631801811630305,3.693491935357769,1.042657997649765,15.763361369372426,14.72070337172266,4.877569169910525,9.108424239832168,50,-7.267361851790401,12.366315709943162,-0.7011490128783204,-21.122681447575175,0.8889281782913843,22.01160962586656,-10.695129684933862,-3.83959401864694
AirPassengers,S2,52,132.5834990177466,173.920681008534,30.480995967470367,11.49637137855457,401.5688664008831,390.07249502232855,85.31131943504754,179.85567860044563,52,138.3562300917445,174.95541929181763,36.54879478523569,15.014304915841558,408.8095984936226,393.7952935777811,90.80280543994364,185.90965474354533,52,52.194817156425984,74.44826527284461,7.006263288794157,2.595548758638514,167.07434494460793,164.47879618596943,31.959548152243325,72.43008616060864,52,6.295093247823038,8.25779160140478,1.4472442900006754,0.5458502028968018,19.066576747064,18.5207265441672,4.050599923196761,8.539586572449316,52,-7.05361360624446,12.528762791566466,0.7811750983831706,-26.377437058677454,0.9630715496203976,27.340508608297853,-10.458970123925681,-3.648257088563239
AirPassengers,S3,39,36.059021445405264,25.877361341236718,26.035337098333983,24.54014375958736,45.22518967299029,20.68504591340293,27.9373810154433,44.18066187536723,39,45.36802336610809,31.77283455119148,34.54519917741978,30.799771488371483,53.39211577685351,22.592344288482025,35.39608170394801,55.33996502826817,39,8.25921465377905,6.012620954382504,5.802373560782968,5.689449828812727,10.274603756365996,4.58515392755327,6.37214646358715,10.146282843970951,39,1.7120901477618498,1.2286627209083651,1.236163444069169,1.165171340521849,2.147301800383546,0.9821304598616969,1.3264729011913943,2.0977073943323052,39,0.5016970027343849,0.7789041766706623,0.8045093354026089,0.5314914819778706,0.8423657906517565,0.310874308673886,0.25723700664374954,0.7461569988250203
AirPassengers,S4,48,118.79220575512507,148.72085461535764,61.814613967858826,17.856038626157734,82.77586206896552,64.9198234428078,76.71883328644398,160.86557822380615,48,131.61317776757457,147.48760932797794,81.2807696524155,20.452613457823094,104.16831776496282,83.71570430713973,89.88869240322978,173.33766313191936,48,43.25240924940443,68.00174298509465,14.004282329332066,4.154149606320374,18.110620072314184,13.95647046599381,24.014605186678438,62.49021331213042,48,5.640279656844755,7.061298386568416,2.9349712587821344,0.847808581167006,3.930215858334889,3.082407277167883,3.6426268199311176,7.637932493758393,48,-5.3267275536355,11.528630422879456,-0.08224661373942094,-0.7775779937030041,0.931475126572679,1.7090531202756831,-8.58819591387371,-2.06525919339729
ETTh1,S1,5,8.119483253109676,2.189088924991794,8.9928272767965,8.9928272767965,8.9928272767965,0.0,6.2006622082408285,10.038304297978524,5,9.882414092133914,2.471983779304861,10.868166784758564,10.868166784758564,10.868166784758564,0.0,7.7156247743713315,12.049203409896496,5,127.57560771317485,43.58829365976625,146.02467794476388,146.02467794476388,146.02467794476388,0.0,89.36878375576237,165.78243167058733,5,12.3815655045815,3.3381863198940795,13.713345606864706,13.713345606864706,13.713345606864706,0.0,9.455516183707037,15.307614825455964,5,-7.636177270189097,3.437204166792064,-8.947080431534712,-8.947080431534712,-8.947080431534712,0.0,-10.649019560630189,-4.623334979748005
ETTh1,S2,2,1.054849022511768,0.8156327140430165,1.054849022511768,0.7664793109830654,1.3432187340404704,0.576739423057405,-0.07556024668074612,2.185258291704282,2,1.4249428386296694,1.0471224101992722,1.4249428386296694,1.0547291601375157,1.795156517121823,0.7404273569843072,-0.02629478105957217,2.876180458318911,2,18.43526371897651,11.806974636692088,18.43526371897651,14.260867803525237,22.609659634427786,8.348791830902549,2.071631730407514,34.79889570754551,2,1.6085607744398165,1.243774949931138,1.6085607744398165,1.1688199237566832,2.0483016251229493,0.8794817013662661,-0.11522336023806501,3.332344909117698,2,0.7828384268858206,0.25130893722752395,0.7828384268858206,0.6939873000426373,0.8716895537290039,0.1777022536863666,0.43454200966054213,1.131134844111099
ETTh1,S4,1,2.657572520882738,0.0,2.657572520882738,2.657572520882738,2.657572520882738,0.0,2.657572520882738,2.657572520882738,1,3.6015630375540404,0.0,3.6015630375540404,3.6015630375540404,3.6015630375540404,0.0,3.6015630375540404,3.6015630375540404,1,41.72121235840216,0.0,41.72121235840216,41.72121235840216,41.72121235840216,0.0,41.72121235840216,41.72121235840216,1,4.052586503935848,0.0,4.052586503935848,4.052586503935848,4.052586503935848,0.0,4.052586503935848,4.052586503935848,1,-0.0923582214006033,0.0,-0.0923582214006033,-0.0923582214006033,-0.0923582214006033,0.0,-0.0923582214006033,-0.0923582214006033
ILINet,S1,28,0.9918136902698764,0.21403840883960618,0.9089546635127377,0.8762196450988882,1.0098815838277289,0.1336619387288407,0.9125327541570971,1.0710946263826557,28,1.4411887567934545,0.27719409148820845,1.3246768264833337,1.271818548673902,1.4683974765733059,0.1965789278994039,1.3385146284570546,1.5438628851298544,28,46.489711153363764,18.350741396707605,40.97634567590234,39.3699640420181,43.38715996482465,4.01719592280655,39.69250141805527,53.286920888672256,28,4.402889439880225,0.9501658015551696,4.035059133153474,3.8897408457547535,4.483096981404583,0.5933561356498296,4.050943101753159,4.7548357780072905,28,0.07639385314272205,0.3935819119546822,0.24640735251711132,0.07113934269246579,0.3054987947954246,0.23435945210295878,-0.06939092719643515,0.22217863348187927
ILINet,S2,17,0.2058041993318741,0.010702934797014726,0.209876682666402,0.2047674406445967,0.2114371078420453,0.006669667197448603,0.20071634708966862,0.2108920515740796,17,0.3602659192291747,0.02929865792802483,0.3771523328692396,0.3355853357553264,0.3836069303262183,0.04802159457089189,0.3463382213351083,0.3741936171232412,17,8.05618049270453,0.43388044255382163,7.946713134650272,7.946330553353002,8.186928510364913,0.24059795701191078,7.849926822625901,8.262434162783162,17,0.9136122487629214,0.04751279303341755,0.931690940399858,0.9090098381280411,0.9386180272055394,0.029608189077498293,0.8910261006499809,0.9361983968758618,17,0.9439256769146586,0.008798293472409647,0.9389260103317946,0.9368176778185844,0.9516464188199704,0.014828741001385981,0.939743233685754,0.9481081201435632
ILINet,S3,20,0.4663298278643409,0.4883687050439351,0.2325729108850472,0.2137158351916768,0.3375671507208208,0.12385131552914397,0.2522928058422314,0.6803668498864504,20,0.7019619355091901,0.6608537426716664,0.3836272848591164,0.3642569207622824,0.5456885154571098,0.18143159469482745,0.41233001271658615,0.991593858301794,20,19.024078585810486,19.272453132712172,10.654755155970332,8.058671094109213,14.53317281123351,6.474501717124296,10.57755358741754,27.47060358420343,20,2.0701455270761455,2.167981179631463,1.032444725641311,0.9487338228257116,1.4985383421706326,0.549804519344921,1.1199858819233033,3.020305172228988,20,0.610293899537639,0.7095073854496875,0.9368109724397575,0.8411560708625053,0.9430310364291722,0.10187496556666686,0.29933857763452437,0.9212492214407537
ILINet,S4,29,0.925613095969371,0.09360234438934259,0.9314890561806836,0.8677585439463601,0.993245840029238,0.1254872960828779,0.891545318738105,0.959680873200637,29,1.3806236157120024,0.10992192406102601,1.3511678442881634,1.3283663386202664,1.429691933428354,0.10132559480808756,1.340616117543297,1.420631113880708,29,38.7900612540014,4.916201701911188,36.914318445214526,35.543946457119034,43.229386950385134,7.6854404932661,37.00074640833873,40.579376099664074,29,4.109009752173776,0.4155223684679415,4.135094493105821,3.852180068685738,4.4092470825642085,0.5570670138784704,3.9577750413775195,4.260244462970032,29,0.17657654356013835,0.13598405199023678,0.2161349577358878,0.1223777440288815,0.2423678105331896,0.11999006650430809,0.12708339869895321,0.2260696884213235
IceCreamHeater,S1,51,36.591298708299036,66.72753507225386,15.329068497912804,14.240110725555457,24.050375213623045,9.810264488067588,18.27759997837935,54.90499743821872,51,47.188192455142485,93.9311016372331,18.93834847716184,17.250379716751738,28.134792731030963,10.884413014279225,21.40834168003054,72.96804323025444,51,40.37532957936096,26.407264313507927,26.600505918807265,25.650797802847258,54.12525334603558,28.47445554318832,33.12772658615469,47.62293257256723,51,8.523492429084492,15.543357576177826,3.570717736160697,3.3170584331041644,5.602238736704478,2.2851803036003133,4.257541834726346,12.789443023442637,51,-35.53978964146817,154.0085531916471,-0.2048973564795444,-1.6592394978307012,0.0003150294781928,1.659554527308894,-77.8081911630976,6.728611880161267
IceCreamHeater,S2,50,16.9399130532255,14.596210106941925,6.989030457023535,5.488014982468035,37.24544326066971,31.757428278201676,12.894050027898535,20.985776078552462,50,19.437393487680243,15.58370146497107,9.593243849146681,6.581864468889654,40.68711900814697,34.10525453925732,15.117811822788074,23.756975152572412,50,40.37839772927752,41.15898639788895,11.83243026134968,10.40497541157876,98.66374243222765,88.25876702064889,28.96970876090236,51.78708669765268,50,3.9459441385109835,3.400007398798045,1.6280085782680933,1.2783655077855807,8.675867347069946,7.397501839284366,3.0035101697033673,4.8883781073186,50,-1.0687616316501116,2.5751564682373655,0.6901778869734546,-4.581942776626628,0.8539083448440223,5.43585112147065,-1.7825585873624719,-0.3549646759377514
IceCreamHeater,S3,31,15.902298757640136,15.02450709600032,5.748285837735562,5.529756246600285,33.10343542480469,27.5736791782044,10.613275733470237,21.191321781810032,31,18.26771686021731,15.866219749265857,7.835047382670161,7.576803275117133,36.818168916980504,29.24136564186337,12.682388767640761,23.85304495279386,31,39.02972762187769,43.65181936697389,10.458974324752395,10.231995770384517,85.18721691735645,74.95522114697194,23.663135147087498,54.39632009666788,31,3.7042446660971824,3.49977390811877,1.3389923984042778,1.288088621240719,7.711037628626611,6.422949007385892,2.47223188450271,4.936257447691655,31,-0.9394869301419723,2.730171123353772,0.7937713025107587,-3.692911509511049,0.8071418973080362,4.500053406819085,-1.90057922016365,0.021605359879705577
IceCreamHeater,S4,48,10.670893699717292,11.078698550763558,8.0958386775349,6.5678397756659646,8.942039968504755,2.3742001928387904,7.536711800345803,13.80507559908878,48,13.579442544490066,13.666355480740366,10.430530838060106,8.510776827147398,12.346127270489012,3.835350443341614,9.713208276823247,17.445676812156883,48,19.212599645585207,16.992647219017154,14.60157400163366,12.636871719173945,15.46088312894054,2.8240114097665963,14.405352016974696,24.01984727419572,48,2.4856532802012086,2.5806463983232613,1.8858259234020465,1.5298973958153654,2.0829380935537785,0.553040697738413,1.7555842027511737,3.2157223576512433,48,-0.23385049416805082,4.427001862880324,0.6344434383044066,0.487932345814505,0.7566651853200917,0.26873283950558674,-1.4862565456141463,1.0185555572780447
Temperature,S1,17,3.797483164304918,1.0618876459203619,4.239891866912647,3.4786774643153366,4.244621411676277,0.76594394736094,3.2926938198184734,4.302272508791362,17,4.641919140492187,1.2960428696181265,5.177505353843218,4.279120043774495,5.1775053837668565,0.8983853399923616,4.025819468277026,5.258018812707348,17,33.63828830003451,9.208584129199537,36.67533204928977,32.06224280689534,36.67533216940606,4.6130893625107205,29.260805273383383,38.01577132668564,17,1.7433400472769964,0.4874889969869049,1.946440041444076,1.5969834421138125,1.9486112702382752,0.3516278281244627,1.5116024880551906,1.9750776064988023,17,-0.37332217768260134,0.4537590924549587,-0.591729319878717,-0.5917293382776676,-0.0872690933530893,0.5044602449245783,-0.5890255580873872,-0.15761879727781544
Temperature,S2,13,1.7405732265960328,0.0013687727978769063,1.740044977299926,1.740044977299926,1.740044977299926,0.0,1.739829153227254,1.7413172999648114,13,2.2144967549647,0.0031979032554423745,2.2134593269486724,2.2134593269486724,2.2134593269486724,0.0,2.212758354952663,2.2162351549767374,13,17.412307452801233,0.012129007611113414,17.407433034772374,17.407433034772374,17.407433034772374,0.0,17.405714049157368,17.4189008564451,13,0.7990584499927367,0.000628373143715822,0.7988159424915833,0.7988159424915833,0.7988159424915833,0.0,0.7987168624607373,0.7994000375247361,13,0.7088082709180833,0.000842772909521152,0.7090815969079716,0.7090815969079716,0.7090815969079716,0.0,0.7083501343457643,0.7092664074904023
Temperature,S3,3,1.7436230063666887,0.0010992120227770348,1.7442576367239355,1.7433056911880653,1.7442576367239355,0.0009519455358701912,1.7423791308664849,1.7448668818668924,3,2.2183799511421256,0.002564296207514808,2.2198604482478164,2.2176397025892802,2.2198604482478164,0.0022207456585361385,2.215478176814972,2.221281725469279,3,17.454516184305756,0.0183306990716182,17.46509941834919,17.44922456728404,17.46509941834919,0.015874851065149187,17.43377304558063,17.475259323030883,3,0.8004585360443451,0.0005046237881363621,0.8007498807242651,0.800312863704385,0.8007498807242651,0.00043701701988008157,0.7998875004717019,0.8010295716169884,3,0.707786448321059,0.0006753319189625346,0.7073965452558536,0.7073965452558536,0.7079813998536617,0.0005848545978081043,0.7070222383132565,0.7085506583288614
Temperature,S4,13,2.338623176875627,0.02526860458315169,2.3260379877482373,2.3260379877482373,2.3260379877482373,0.0,2.3248870069534275,2.3523593467978268,13,3.0434004792913827,0.03192697536597889,3.0291073567211515,3.0291073567211515,3.0291073595102787,2.78912715145907e-09,3.026044777781004,3.0607561808017616,13,22.42735028344436,0.28209081319247215,22.299426661998773,22.299426661998773,22.299426661998773,0.0,22.274003970601782,22.580696596286934,13,1.0736098787902548,0.01160025427438032,1.06783229841424,1.06783229841424,1.06783229841424,0.0,1.0673039087344387,1.079915848846071,13,0.4499648698454095,0.011664701219960933,0.4551744897044322,0.4551744887011083,0.4551744897044322,1.0033238684314938e-09,0.4436238660309009,0.4563058736599181
