dataset,scenario,branch,part0_model,metric,part2_n_runs,part2_mean,part2_std,part0_value,delta_part2_minus_part0,part2_better
AirPassengers,S1,Base,Naive (Flat),mae,16,21.95984081014988,0.0,81.44827586206897,-59.48843505191908,True
AirPassengers,S1,Base,Naive (Flat),rmse,16,26.03914002066169,0.0,93.13394136662936,-67.09480134596767,True
AirPassengers,S1,Base,Naive (Flat),smape,16,4.892850811020417,0.0,18.057443575330144,-13.164592764309727,True
AirPassengers,S1,Base,Naive (Flat),mase,16,0.7464896381008044,0.0,3.867181777707564,-3.12069213960676,True
AirPassengers,S1,Base,Naive (Flat),r2,16,0.8889281782913843,0.0,-0.4209100492493396,1.3098382275407239,True
AirPassengers,S1,Base,Naive (Seasonal),mae,16,21.95984081014988,0.0,64.75862068965517,-42.79877987950529,True
AirPassengers,S1,Base,Naive (Seasonal),rmse,16,26.03914002066169,0.0,75.23388818235092,-49.19474816168923,True
AirPassengers,S1,Base,Naive (Seasonal),smape,16,4.892850811020417,0.0,15.43044131251834,-10.537590501497924,True
AirPassengers,S1,Base,Naive (Seasonal),mase,16,0.7464896381008044,0.0,3.0747533355354806,-2.328263697434676,True
AirPassengers,S1,Base,Naive (Seasonal),r2,16,0.8889281782913843,0.0,0.0727910062494688,0.8161371720419155,True
AirPassengers,S1,Base,Auto-ARIMA,mae,16,21.95984081014988,0.0,28.5474087597444,-6.5875679495945185,True
AirPassengers,S1,Base,Auto-ARIMA,rmse,16,26.03914002066169,0.0,35.08281305366807,-9.043673033006378,True
AirPassengers,S1,Base,Auto-ARIMA,smape,16,4.892850811020417,0.0,6.345217060526792,-1.4523662495063752,True
AirPassengers,S1,Base,Auto-ARIMA,mase,16,0.7464896381008044,0.0,1.3554371506084386,-0.6089475125076342,True
AirPassengers,S1,Base,Auto-ARIMA,r2,16,0.8889281782913843,0.0,0.7983772938713357,0.09055088442004855,True
AirPassengers,S1,ChalDL,Naive (Flat),mae,16,350.7835363595393,132.95456665377262,81.44827586206897,269.33526049747036,False
AirPassengers,S1,ChalDL,Naive (Flat),rmse,16,360.87575925664333,126.99818664885409,93.13394136662936,267.741817890014,False
AirPassengers,S1,ChalDL,Naive (Flat),smape,16,146.4137790180047,62.94085900637997,18.057443575330144,128.35633544267455,False
AirPassengers,S1,ChalDL,Naive (Flat),mase,16,11.924324833344077,4.519577678329565,3.867181777707564,8.057143055636512,False
AirPassengers,S1,ChalDL,Naive (Flat),r2,16,-22.810641325648277,10.916019015248695,-0.4209100492493396,-22.389731276398937,False
AirPassengers,S1,ChalDL,Naive (Seasonal),mae,16,350.7835363595393,132.95456665377262,64.75862068965517,286.02491566988414,False
AirPassengers,S1,ChalDL,Naive (Seasonal),rmse,16,360.87575925664333,126.99818664885409,75.23388818235092,285.6418710742924,False
AirPassengers,S1,ChalDL,Naive (Seasonal),smape,16,146.4137790180047,62.94085900637997,15.43044131251834,130.98333770548635,False
AirPassengers,S1,ChalDL,Naive (Seasonal),mase,16,11.924324833344077,4.519577678329565,3.0747533355354806,8.849571497808597,False
AirPassengers,S1,ChalDL,Naive (Seasonal),r2,16,-22.810641325648277,10.916019015248695,0.0727910062494688,-22.883432331897744,False
AirPassengers,S1,ChalDL,Auto-ARIMA,mae,16,350.7835363595393,132.95456665377262,28.5474087597444,322.23612759979494,False
AirPassengers,S1,ChalDL,Auto-ARIMA,rmse,16,360.87575925664333,126.99818664885409,35.08281305366807,325.79294620297526,False
AirPassengers,S1,ChalDL,Auto-ARIMA,smape,16,146.4137790180047,62.94085900637997,6.345217060526792,140.06856195747793,False
AirPassengers,S1,ChalDL,Auto-ARIMA,mase,16,11.924324833344077,4.519577678329565,1.3554371506084386,10.568887682735639,False
AirPassengers,S1,ChalDL,Auto-ARIMA,r2,16,-22.810641325648277,10.916019015248695,0.7983772938713357,-23.609018619519613,False
AirPassengers,S1,ChalML,Naive (Flat),mae,18,77.79012400696496,0.0,81.44827586206897,-3.658151855104009,True
AirPassengers,S1,ChalML,Naive (Flat),rmse,18,101.90508797688334,0.0,93.13394136662936,8.771146610253979,False
AirPassengers,S1,ChalML,Naive (Flat),smape,18,17.917062569495812,0.0,18.057443575330144,-0.14038100583433177,True
AirPassengers,S1,ChalML,Naive (Flat),mase,18,2.6443507500717462,0.0,3.867181777707564,-1.2228310276358179,True
AirPassengers,S1,ChalML,Naive (Flat),r2,18,-0.7011490128783204,0.0,-0.4209100492493396,-0.2802389636289808,False
AirPassengers,S1,ChalML,Naive (Seasonal),mae,18,77.79012400696496,0.0,64.75862068965517,13.031503317309785,False
AirPassengers,S1,ChalML,Naive (Seasonal),rmse,18,101.90508797688334,0.0,75.23388818235092,26.671199794532413,False
AirPassengers,S1,ChalML,Naive (Seasonal),smape,18,17.917062569495812,0.0,15.43044131251834,2.4866212569774717,False
AirPassengers,S1,ChalML,Naive (Seasonal),mase,18,2.6443507500717462,0.0,3.0747533355354806,-0.43040258546373433,True
AirPassengers,S1,ChalML,Naive (Seasonal),r2,18,-0.7011490128783204,0.0,0.0727910062494688,-0.7739400191277892,False
AirPassengers,S1,ChalML,Auto-ARIMA,mae,18,77.79012400696496,0.0,28.5474087597444,49.24271524722056,False
AirPassengers,S1,ChalML,Auto-ARIMA,rmse,18,101.90508797688334,0.0,35.08281305366807,66.82227492321528,False
AirPassengers,S1,ChalML,Auto-ARIMA,smape,18,17.917062569495812,0.0,6.345217060526792,11.57184550896902,False
AirPassengers,S1,ChalML,Auto-ARIMA,mase,18,2.6443507500717462,0.0,1.3554371506084386,1.2889135994633076,False
AirPassengers,S1,ChalML,Auto-ARIMA,r2,18,-0.7011490128783204,0.0,0.7983772938713357,-1.4995263067496563,False
AirPassengers,S2,Base,Naive (Flat),mae,16,11.49637137855457,0.0,44.72413793103448,-33.227766552479906,True
AirPassengers,S2,Base,Naive (Flat),rmse,16,15.014304915841558,0.0,52.4913786024544,-37.47707368661284,True
AirPassengers,S2,Base,Naive (Flat),smape,16,2.595548758638514,0.0,10.092925118689587,-7.4973763600510726,True
AirPassengers,S2,Base,Naive (Flat),mase,16,0.390800743231393,0.0,2.123511755159488,-1.732711011928095,True
AirPassengers,S2,Base,Naive (Flat),r2,16,0.9630715496203976,0.0,0.5486363519492873,0.41443519767111037,True
AirPassengers,S2,Base,Naive (Seasonal),mae,16,11.49637137855457,0.0,41.310344827586206,-29.813973449031636,True
AirPassengers,S2,Base,Naive (Seasonal),rmse,16,15.014304915841558,0.0,46.08163670464961,-31.067331788808055,True
AirPassengers,S2,Base,Naive (Seasonal),smape,16,2.595548758638514,0.0,9.694491822421494,-7.098943063782979,True
AirPassengers,S2,Base,Naive (Seasonal),mase,16,0.390800743231393,0.0,1.9614241192606527,-1.5706233760292596,True
AirPassengers,S2,Base,Naive (Seasonal),r2,16,0.9630715496203976,0.0,0.6521384622456794,0.31093308737471825,True
AirPassengers,S2,Base,Auto-ARIMA,mae,16,11.49637137855457,0.0,15.16760177383131,-3.671230395276739,True
AirPassengers,S2,Base,Auto-ARIMA,rmse,16,15.014304915841558,0.0,18.93487539786001,-3.9205704820184533,True
AirPassengers,S2,Base,Auto-ARIMA,smape,16,2.595548758638514,0.0,3.462552803992238,-0.867004045353724,True
AirPassengers,S2,Base,Auto-ARIMA,mase,16,0.390800743231393,0.0,0.720161017166501,-0.329360273935108,True
AirPassengers,S2,Base,Auto-ARIMA,r2,16,0.9630715496203976,0.0,0.941267900739009,0.021803648881388638,True
AirPassengers,S2,ChalDL,Naive (Flat),mae,18,342.18872576746446,139.34332394599315,44.72413793103448,297.46458783643,False
AirPassengers,S2,ChalDL,Naive (Flat),rmse,18,349.5932319878428,139.04507489766328,52.4913786024544,297.1018533853884,False
AirPassengers,S2,ChalDL,Naive (Flat),smape,18,141.45051285296054,60.96672581423777,10.092925118689587,131.35758773427096,False
AirPassengers,S2,ChalDL,Naive (Flat),mase,18,11.632158004636581,4.7367532562499335,2.123511755159488,9.508646249477094,False
AirPassengers,S2,ChalDL,Naive (Flat),r2,18,-22.011730383553232,10.419435913432489,0.5486363519492873,-22.56036673550252,False
AirPassengers,S2,ChalDL,Naive (Seasonal),mae,18,342.18872576746446,139.34332394599315,41.310344827586206,300.87838093987824,False
AirPassengers,S2,ChalDL,Naive (Seasonal),rmse,18,349.5932319878428,139.04507489766328,46.08163670464961,303.5115952831932,False
AirPassengers,S2,ChalDL,Naive (Seasonal),smape,18,141.45051285296054,60.96672581423777,9.694491822421494,131.75602103053905,False
AirPassengers,S2,ChalDL,Naive (Seasonal),mase,18,11.632158004636581,4.7367532562499335,1.9614241192606527,9.67073388537593,False
AirPassengers,S2,ChalDL,Naive (Seasonal),r2,18,-22.011730383553232,10.419435913432489,0.6521384622456794,-22.663868845798913,False
AirPassengers,S2,ChalDL,Auto-ARIMA,mae,18,342.18872576746446,139.34332394599315,15.16760177383131,327.0211239936331,False
AirPassengers,S2,ChalDL,Auto-ARIMA,rmse,18,349.5932319878428,139.04507489766328,18.93487539786001,330.65835658998276,False
AirPassengers,S2,ChalDL,Auto-ARIMA,smape,18,141.45051285296054,60.96672581423777,3.462552803992238,137.98796004896832,False
AirPassengers,S2,ChalDL,Auto-ARIMA,mase,18,11.632158004636581,4.7367532562499335,0.720161017166501,10.911996987470081,False
AirPassengers,S2,ChalDL,Auto-ARIMA,r2,18,-22.011730383553232,10.419435913432489,0.941267900739009,-22.952998284292242,False
AirPassengers,S2,ChalML,Naive (Flat),mae,18,30.61127461397719,0.5527255652468518,44.72413793103448,-14.112863317057286,True
AirPassengers,S2,ChalML,Naive (Flat),rmse,18,36.756495018671,0.881197356234512,52.4913786024544,-15.734883583783393,True
AirPassengers,S2,ChalML,Naive (Flat),smape,18,7.027360035702447,0.0895059334373962,10.092925118689587,-3.06556508298714,True
AirPassengers,S2,ChalML,Naive (Flat),mase,18,1.0405812822573104,0.01878902086482706,2.123511755159488,-1.0829304729021776,True
AirPassengers,S2,ChalML,Naive (Flat),r2,18,0.7785608102955472,0.011091483752739557,0.5486363519492873,0.22992445834625996,True
AirPassengers,S2,ChalML,Naive (Seasonal),mae,18,30.61127461397719,0.5527255652468518,41.310344827586206,-10.699070213609016,True
AirPassengers,S2,ChalML,Naive (Seasonal),rmse,18,36.756495018671,0.881197356234512,46.08163670464961,-9.325141685978608,True
AirPassengers,S2,ChalML,Naive (Seasonal),smape,18,7.027360035702447,0.0895059334373962,9.694491822421494,-2.6671317867190467,True
AirPassengers,S2,ChalML,Naive (Seasonal),mase,18,1.0405812822573104,0.01878902086482706,1.9614241192606527,-0.9208428370033424,True
AirPassengers,S2,ChalML,Naive (Seasonal),r2,18,0.7785608102955472,0.011091483752739557,0.6521384622456794,0.12642234804986785,True
AirPassengers,S2,ChalML,Auto-ARIMA,mae,18,30.61127461397719,0.5527255652468518,15.16760177383131,15.443672840145881,False
AirPassengers,S2,ChalML,Auto-ARIMA,rmse,18,36.756495018671,0.881197356234512,18.93487539786001,17.821619620810992,False
AirPassengers,S2,ChalML,Auto-ARIMA,smape,18,7.027360035702447,0.0895059334373962,3.462552803992238,3.564807231710209,False
AirPassengers,S2,ChalML,Auto-ARIMA,mase,18,1.0405812822573104,0.01878902086482706,0.720161017166501,0.32042026509080934,False
AirPassengers,S2,ChalML,Auto-ARIMA,r2,18,0.7785608102955472,0.011091483752739557,0.941267900739009,-0.16270709044346177,False
AirPassengers,S3,Base,Naive (Flat),mae,12,28.763674285978237,34.327076742262705,44.72413793103448,-15.96046364505624,True
AirPassengers,S3,Base,Naive (Flat),rmse,12,36.13587499552447,41.89125888506999,52.4913786024544,-16.35550360692993,True
AirPassengers,S3,Base,Naive (Flat),smape,12,6.600950393238839,7.850041126304343,10.092925118689587,-3.4919747254507483,True
AirPassengers,S3,Base,Naive (Flat),mase,12,0.977775066487049,1.1668940278722966,2.123511755159488,-1.145736688672439,True
AirPassengers,S3,Base,Naive (Flat),r2,12,0.5225744843256835,0.9922968549939254,0.5486363519492873,-0.02606186762360374,False
AirPassengers,S3,Base,Naive (Seasonal),mae,12,28.763674285978237,34.327076742262705,41.310344827586206,-12.54667054160797,True
AirPassengers,S3,Base,Naive (Seasonal),rmse,12,36.13587499552447,41.89125888506999,46.08163670464961,-9.945761709125144,True
AirPassengers,S3,Base,Naive (Seasonal),smape,12,6.600950393238839,7.850041126304343,9.694491822421494,-3.093541429182655,True
AirPassengers,S3,Base,Naive (Seasonal),mase,12,0.977775066487049,1.1668940278722966,1.9614241192606527,-0.9836490527736037,True
AirPassengers,S3,Base,Naive (Seasonal),r2,12,0.5225744843256835,0.9922968549939254,0.6521384622456794,-0.12956397791999585,False
AirPassengers,S3,Base,Auto-ARIMA,mae,12,28.763674285978237,34.327076742262705,15.16760177383131,13.596072512146927,False
AirPassengers,S3,Base,Auto-ARIMA,rmse,12,36.13587499552447,41.89125888506999,18.93487539786001,17.200999597664456,False
AirPassengers,S3,Base,Auto-ARIMA,smape,12,6.600950393238839,7.850041126304343,3.462552803992238,3.1383975892466007,False
AirPassengers,S3,Base,Auto-ARIMA,mase,12,0.977775066487049,1.1668940278722966,0.720161017166501,0.257614049320548,False
AirPassengers,S3,Base,Auto-ARIMA,r2,12,0.5225744843256835,0.9922968549939254,0.941267900739009,-0.41869341641332547,False
AirPassengers,S3,ChalDL,Naive (Flat),mae,12,42.68664987810133,9.035853279174779,44.72413793103448,-2.037488052933149,True
AirPassengers,S3,ChalDL,Naive (Flat),rmse,12,52.13330715353192,11.378095979376107,52.4913786024544,-0.3580714489224732,True
AirPassengers,S3,ChalDL,Naive (Flat),smape,12,9.828660690344647,1.7863662724023939,10.092925118689587,-0.2642644283449407,True
AirPassengers,S3,ChalDL,Naive (Flat),mase,12,1.4510643357902433,0.3071593688960405,2.123511755159488,-0.6724474193692447,True
AirPassengers,S3,ChalDL,Naive (Flat),r2,12,0.5353331055888455,0.20219069477873802,0.5486363519492873,-0.013303246360441778,False
AirPassengers,S3,ChalDL,Naive (Seasonal),mae,12,42.68664987810133,9.035853279174779,41.310344827586206,1.3763050505151213,False
AirPassengers,S3,ChalDL,Naive (Seasonal),rmse,12,52.13330715353192,11.378095979376107,46.08163670464961,6.051670448882312,False
AirPassengers,S3,ChalDL,Naive (Seasonal),smape,12,9.828660690344647,1.7863662724023939,9.694491822421494,0.13416886792315275,False
AirPassengers,S3,ChalDL,Naive (Seasonal),mase,12,1.4510643357902433,0.3071593688960405,1.9614241192606527,-0.5103597834704094,True
AirPassengers,S3,ChalDL,Naive (Seasonal),r2,12,0.5353331055888455,0.20219069477873802,0.6521384622456794,-0.11680535665683389,False
AirPassengers,S3,ChalDL,Auto-ARIMA,mae,12,42.68664987810133,9.035853279174779,15.16760177383131,27.51904810427002,False
AirPassengers,S3,ChalDL,Auto-ARIMA,rmse,12,52.13330715353192,11.378095979376107,18.93487539786001,33.19843175567191,False
AirPassengers,S3,ChalDL,Auto-ARIMA,smape,12,9.828660690344647,1.7863662724023939,3.462552803992238,6.366107886352408,False
AirPassengers,S3,ChalDL,Auto-ARIMA,mase,12,1.4510643357902433,0.3071593688960405,0.720161017166501,0.7309033186237422,False
AirPassengers,S3,ChalDL,Auto-ARIMA,r2,12,0.5353331055888455,0.20219069477873802,0.941267900739009,-0.4059347951501635,False
AirPassengers,S3,ChalML,Naive (Flat),mae,15,36.59319642679006,27.27668227923602,44.72413793103448,-8.130941504244419,True
AirPassengers,S3,ChalML,Naive (Flat),rmse,15,47.341515032635925,33.80968793572164,52.4913786024544,-5.149863569818471,True
AirPassengers,S3,ChalML,Naive (Flat),smape,15,8.330269232958749,6.536560424951884,10.092925118689587,-1.7626558857308385,True
AirPassengers,S3,ChalML,Naive (Flat),mase,15,1.2439271392605202,0.9272271533865711,2.123511755159488,-0.8795846158989677,True
AirPassengers,S3,ChalML,Naive (Flat),r2,15,0.4580861351777772,0.9151921791863924,0.5486363519492873,-0.0905502167715101,False
AirPassengers,S3,ChalML,Naive (Seasonal),mae,15,36.59319642679006,27.27668227923602,41.310344827586206,-4.717148400796148,True
AirPassengers,S3,ChalML,Naive (Seasonal),rmse,15,47.341515032635925,33.80968793572164,46.08163670464961,1.2598783279863142,False
AirPassengers,S3,ChalML,Naive (Seasonal),smape,15,8.330269232958749,6.536560424951884,9.694491822421494,-1.364222589462745,True
AirPassengers,S3,ChalML,Naive (Seasonal),mase,15,1.2439271392605202,0.9272271533865711,1.9614241192606527,-0.7174969800001325,True
AirPassengers,S3,ChalML,Naive (Seasonal),r2,15,0.4580861351777772,0.9151921791863924,0.6521384622456794,-0.1940523270679022,False
AirPassengers,S3,ChalML,Auto-ARIMA,mae,15,36.59319642679006,27.27668227923602,15.16760177383131,21.42559465295875,False
AirPassengers,S3,ChalML,Auto-ARIMA,rmse,15,47.341515032635925,33.80968793572164,18.93487539786001,28.406639634775914,False
AirPassengers,S3,ChalML,Auto-ARIMA,smape,15,8.330269232958749,6.536560424951884,3.462552803992238,4.86771642896651,False
AirPassengers,S3,ChalML,Auto-ARIMA,mase,15,1.2439271392605202,0.9272271533865711,0.720161017166501,0.5237661220940192,False
AirPassengers,S3,ChalML,Auto-ARIMA,r2,15,0.4580861351777772,0.9151921791863924,0.941267900739009,-0.4831817655612318,False
AirPassengers,S4,Base,Naive (Flat),mae,16,22.0460706947815,16.760128274495052,107.6206896551724,-85.5746189603909,True
AirPassengers,S4,Base,Naive (Flat),rmse,16,25.72927767315388,21.106656861323167,122.4377392800112,-96.70846160685733,True
AirPassengers,S4,Base,Naive (Flat),smape,16,5.058595786422623,3.6177847204089986,22.80168846507648,-17.74309267865386,True
AirPassengers,S4,Base,Naive (Flat),mase,16,0.7494208850041234,0.569733733423429,5.109853652931967,-4.360432767927844,True
AirPassengers,S4,Base,Naive (Flat),r2,16,0.82313943881809,0.4333427510183554,-1.455733445840921,2.278872884659011,True
AirPassengers,S4,Base,Naive (Seasonal),mae,16,22.0460706947815,16.760128274495052,41.310344827586206,-19.264274132804708,True
AirPassengers,S4,Base,Naive (Seasonal),rmse,16,25.72927767315388,21.106656861323167,46.08163670464961,-20.35235903149573,True
AirPassengers,S4,Base,Naive (Seasonal),smape,16,5.058595786422623,3.6177847204089986,9.694491822421494,-4.63589603599887,True
AirPassengers,S4,Base,Naive (Seasonal),mase,16,0.7494208850041234,0.569733733423429,1.9614241192606527,-1.2120032342565294,True
AirPassengers,S4,Base,Naive (Seasonal),r2,16,0.82313943881809,0.4333427510183554,0.6521384622456794,0.17100097657241065,True
AirPassengers,S4,Base,Auto-ARIMA,mae,16,22.0460706947815,16.760128274495052,22.325147804934456,-0.2790771101529579,True
AirPassengers,S4,Base,Auto-ARIMA,rmse,16,25.72927767315388,21.106656861323167,25.08926573557569,0.6400119375781905,False
AirPassengers,S4,Base,Auto-ARIMA,smape,16,5.058595786422623,3.6177847204089986,5.08441107259482,-0.02581528617219675,True
AirPassengers,S4,Base,Auto-ARIMA,mase,16,0.7494208850041234,0.569733733423429,1.0600028528790204,-0.310581967874897,True
AirPassengers,S4,Base,Auto-ARIMA,r2,16,0.82313943881809,0.4333427510183554,0.8968838893690791,-0.0737444505509891,False
AirPassengers,S4,ChalDL,Naive (Flat),mae,16,267.8344557147825,179.78404028520885,107.6206896551724,160.21376605961012,False
AirPassengers,S4,ChalDL,Naive (Flat),rmse,16,280.5080948945198,173.27329374771983,122.4377392800112,158.07035561450857,False
AirPassengers,S4,ChalDL,Naive (Flat),smape,16,109.80796778415939,85.627428017125,22.80168846507648,87.0062793190829,False
AirPassengers,S4,ChalDL,Naive (Flat),mase,16,9.104603610106468,6.111470676361885,5.109853652931967,3.9947499571745,False
AirPassengers,S4,ChalDL,Naive (Flat),r2,16,-16.500552929889274,14.6870574676023,-1.455733445840921,-15.044819484048354,False
AirPassengers,S4,ChalDL,Naive (Seasonal),mae,16,267.8344557147825,179.78404028520885,41.310344827586206,226.5241108871963,False
AirPassengers,S4,ChalDL,Naive (Seasonal),rmse,16,280.5080948945198,173.27329374771983,46.08163670464961,234.42645818987017,False
AirPassengers,S4,ChalDL,Naive (Seasonal),smape,16,109.80796778415939,85.627428017125,9.694491822421494,100.11347596173789,False
AirPassengers,S4,ChalDL,Naive (Seasonal),mase,16,9.104603610106468,6.111470676361885,1.9614241192606527,7.143179490845815,False
AirPassengers,S4,ChalDL,Naive (Seasonal),r2,16,-16.500552929889274,14.6870574676023,0.6521384622456794,-17.152691392134955,False
AirPassengers,S4,ChalDL,Auto-ARIMA,mae,16,267.8344557147825,179.78404028520885,22.325147804934456,245.50930790984805,False
AirPassengers,S4,ChalDL,Auto-ARIMA,rmse,16,280.5080948945198,173.27329374771983,25.08926573557569,255.4188291589441,False
AirPassengers,S4,ChalDL,Auto-ARIMA,smape,16,109.80796778415939,85.627428017125,5.08441107259482,104.72355671156457,False
AirPassengers,S4,ChalDL,Auto-ARIMA,mase,16,9.104603610106468,6.111470676361885,1.0600028528790204,8.044600757227448,False
AirPassengers,S4,ChalDL,Auto-ARIMA,r2,16,-16.500552929889274,14.6870574676023,0.8968838893690791,-17.397436819258353,False
AirPassengers,S4,ChalML,Naive (Flat),mae,16,66.49609085581122,10.198880907129933,107.6206896551724,-41.12459879936118,True
AirPassengers,S4,ChalML,Naive (Flat),rmse,16,88.60216073504999,10.4510716889407,122.4377392800112,-33.83557854496121,True
AirPassengers,S4,ChalML,Naive (Flat),smape,16,14.890664177631285,2.2685663768374202,22.80168846507648,-7.911024287445196,True
AirPassengers,S4,ChalML,Naive (Flat),mase,16,2.260428171006124,0.3466946314964959,5.109853652931967,-2.8494254819258433,True
AirPassengers,S4,ChalML,Naive (Flat),r2,16,-0.3027691698353169,0.3296504856910033,-1.455733445840921,1.152964276005604,True
AirPassengers,S4,ChalML,Naive (Seasonal),mae,16,66.49609085581122,10.198880907129933,41.310344827586206,25.18574602822501,False
AirPassengers,S4,ChalML,Naive (Seasonal),rmse,16,88.60216073504999,10.4510716889407,46.08163670464961,42.52052403040038,False
AirPassengers,S4,ChalML,Naive (Seasonal),smape,16,14.890664177631285,2.2685663768374202,9.694491822421494,5.196172355209791,False
AirPassengers,S4,ChalML,Naive (Seasonal),mase,16,2.260428171006124,0.3466946314964959,1.9614241192606527,0.2990040517454713,False
AirPassengers,S4,ChalML,Naive (Seasonal),r2,16,-0.3027691698353169,0.3296504856910033,0.6521384622456794,-0.9549076320809963,False
AirPassengers,S4,ChalML,Auto-ARIMA,mae,16,66.49609085581122,10.198880907129933,22.325147804934456,44.17094305087676,False
AirPassengers,S4,ChalML,Auto-ARIMA,rmse,16,88.60216073504999,10.4510716889407,25.08926573557569,63.5128949994743,False
AirPassengers,S4,ChalML,Auto-ARIMA,smape,16,14.890664177631285,2.2685663768374202,5.08441107259482,9.806253105036465,False
AirPassengers,S4,ChalML,Auto-ARIMA,mase,16,2.260428171006124,0.3466946314964959,1.0600028528790204,1.2004253181271036,False
AirPassengers,S4,ChalML,Auto-ARIMA,r2,16,-0.3027691698353169,0.3296504856910033,0.8968838893690791,-1.1996530592043961,False
ETTh1,S1,Base,Naive (Flat),mae,1,8.9928272767965,,4.247947549197187,4.744879727599313,False
ETTh1,S1,Base,Naive (Flat),rmse,1,10.868166784758564,,5.116656022307689,5.7515107624508754,False
ETTh1,S1,Base,Naive (Flat),smape,1,146.02467794476388,,66.30654366612883,79.71813427863505,False
ETTh1,S1,Base,Naive (Flat),mase,1,3.9934053271101626,,6.477781799755251,-2.484376472645088,True
ETTh1,S1,Base,Naive (Flat),r2,1,-8.947080431534712,,-1.204730366164937,-7.7423500653697745,False
ETTh1,S1,Base,Naive (Seasonal),mae,1,8.9928272767965,,5.119685739066015,3.8731415377304854,False
ETTh1,S1,Base,Naive (Seasonal),rmse,1,10.868166784758564,,6.039597566626374,4.82856921813219,False
ETTh1,S1,Base,Naive (Seasonal),smape,1,146.02467794476388,,90.2045398611263,55.82013808363757,False
ETTh1,S1,Base,Naive (Seasonal),mase,1,3.9934053271101626,,7.80711313331917,-3.8137078062090075,True
ETTh1,S1,Base,Naive (Seasonal),r2,1,-8.947080431534712,,-2.071843198441824,-6.8752372330928875,False
ETTh1,S1,Base,Auto-ARIMA,mae,1,8.9928272767965,,4.247947549197187,4.744879727599313,False
ETTh1,S1,Base,Auto-ARIMA,rmse,1,10.868166784758564,,5.116656022307689,5.7515107624508754,False
ETTh1,S1,Base,Auto-ARIMA,smape,1,146.02467794476388,,66.30654366612883,79.71813427863505,False
ETTh1,S1,Base,Auto-ARIMA,mase,1,3.9934053271101626,,6.477781799755251,-2.484376472645088,True
ETTh1,S1,Base,Auto-ARIMA,r2,1,-8.947080431534712,,-1.204730366164937,-7.7423500653697745,False
ETTh1,S1,ChalDL,Naive (Flat),mae,1,4.216402630236336,,4.247947549197187,-0.031544918960850765,True
ETTh1,S1,ChalDL,Naive (Flat),rmse,1,5.475047915968697,,5.116656022307689,0.35839189366100843,False
ETTh1,S1,ChalDL,Naive (Flat),smape,1,49.66757227245646,,66.30654366612883,-16.63897139367237,True
ETTh1,S1,ChalDL,Naive (Flat),mase,1,1.872359404508121,,6.477781799755251,-4.60542239524713,True
ETTh1,S1,ChalDL,Naive (Flat),r2,1,-1.52440417180081,,-1.204730366164937,-0.319673805635873,False
ETTh1,S1,ChalDL,Naive (Seasonal),mae,1,4.216402630236336,,5.119685739066015,-0.9032831088296787,True
ETTh1,S1,ChalDL,Naive (Seasonal),rmse,1,5.475047915968697,,6.039597566626374,-0.5645496506576766,True
ETTh1,S1,ChalDL,Naive (Seasonal),smape,1,49.66757227245646,,90.2045398611263,-40.536967588669846,True
ETTh1,S1,ChalDL,Naive (Seasonal),mase,1,1.872359404508121,,7.80711313331917,-5.9347537288110495,True
ETTh1,S1,ChalDL,Naive (Seasonal),r2,1,-1.52440417180081,,-2.071843198441824,0.5474390266410143,True
ETTh1,S1,ChalDL,Auto-ARIMA,mae,1,4.216402630236336,,4.247947549197187,-0.031544918960850765,True
ETTh1,S1,ChalDL,Auto-ARIMA,rmse,1,5.475047915968697,,5.116656022307689,0.35839189366100843,False
ETTh1,S1,ChalDL,Auto-ARIMA,smape,1,49.66757227245646,,66.30654366612883,-16.63897139367237,True
ETTh1,S1,ChalDL,Auto-ARIMA,mase,1,1.872359404508121,,6.477781799755251,-4.60542239524713,True
ETTh1,S1,ChalDL,Auto-ARIMA,r2,1,-1.52440417180081,,-1.204730366164937,-0.319673805635873,False
ETTh1,S2,ChalML,Naive (Flat),mae,2,1.054849022511768,0.8156327140430166,0.4480861066171067,0.6067629158946612,False
ETTh1,S2,ChalML,Naive (Flat),rmse,2,1.4249428386296694,1.0471224101992722,0.6541843541173432,0.7707584845123262,False
ETTh1,S2,ChalML,Naive (Flat),smape,2,18.43526371897651,11.806974636692088,9.45681506947285,8.978448649503662,False
ETTh1,S2,ChalML,Naive (Flat),mase,2,0.4684221742659815,0.36219443840858373,0.6832956369049432,-0.21487346263896173,True
ETTh1,S2,ChalML,Naive (Flat),r2,2,0.7828384268858206,0.25130893722752395,0.9639601191392212,-0.18112169225340058,False
ETTh1,S2,ChalML,Naive (Seasonal),mae,2,1.054849022511768,0.8156327140430166,1.713828071769518,-0.6589790492577501,True
ETTh1,S2,ChalML,Naive (Seasonal),rmse,2,1.4249428386296694,1.0471224101992722,2.23652009743072,-0.8115772588010506,True
ETTh1,S2,ChalML,Naive (Seasonal),smape,2,18.43526371897651,11.806974636692088,30.49761664828341,-12.0623529293069,True
ETTh1,S2,ChalML,Naive (Seasonal),mase,2,0.4684221742659815,0.36219443840858373,2.613451358013197,-2.1450291837472153,True
ETTh1,S2,ChalML,Naive (Seasonal),r2,2,0.7828384268858206,0.25130893722752395,0.5787609246942689,0.20407750219155174,True
ETTh1,S2,ChalML,Auto-ARIMA,mae,2,1.054849022511768,0.8156327140430166,0.4484463071574779,0.60640271535429,False
ETTh1,S2,ChalML,Auto-ARIMA,rmse,2,1.4249428386296694,1.0471224101992722,0.6543876234001432,0.7705552152295262,False
ETTh1,S2,ChalML,Auto-ARIMA,smape,2,18.43526371897651,11.806974636692088,9.8452736675425,8.589990051434011,False
ETTh1,S2,ChalML,Auto-ARIMA,mase,2,0.4684221742659815,0.36219443840858373,0.6838449140505896,-0.21542273978460807,True
ETTh1,S2,ChalML,Auto-ARIMA,r2,2,0.7828384268858206,0.25130893722752395,0.9639377189126448,-0.18109929202682418,False
ETTh1,S4,ChalML,Naive (Flat),mae,1,2.657572520882738,,2.8371730612764066,-0.17960054039366868,True
ETTh1,S4,ChalML,Naive (Flat),rmse,1,3.6015630375540404,,3.779273522429892,-0.17771048487585173,True
ETTh1,S4,ChalML,Naive (Flat),smape,1,41.72121235840216,,42.0994286723286,-0.37821631392643695,True
ETTh1,S4,ChalML,Naive (Flat),mase,1,1.1801365616637616,,4.326463028613792,-3.14632646695003,True
ETTh1,S4,ChalML,Naive (Flat),r2,1,-0.0923582214006033,,-0.2028173673079605,0.11045914590735718,True
ETTh1,S4,ChalML,Naive (Seasonal),mae,1,2.657572520882738,,2.6283685383208955,0.029203982561842423,False
ETTh1,S4,ChalML,Naive (Seasonal),rmse,1,3.6015630375540404,,3.495040078460196,0.10652295909384435,False
ETTh1,S4,ChalML,Naive (Seasonal),smape,1,41.72121235840216,,39.86983801257609,1.8513743458260734,False
ETTh1,S4,ChalML,Naive (Seasonal),mase,1,1.1801365616637616,,4.008052755689539,-2.827916194025777,True
ETTh1,S4,ChalML,Naive (Seasonal),r2,1,-0.0923582214006033,,-0.0286967341555399,-0.0636614872450634,False
ETTh1,S4,ChalML,Auto-ARIMA,mae,1,2.657572520882738,,2.851501145928767,-0.19392862504602926,True
ETTh1,S4,ChalML,Auto-ARIMA,rmse,1,3.6015630375540404,,3.793769486803528,-0.1922064492494875,True
ETTh1,S4,ChalML,Auto-ARIMA,smape,1,41.72121235840216,,42.17991180599452,-0.4586994475923589,True
ETTh1,S4,ChalML,Auto-ARIMA,mase,1,1.1801365616637616,,4.348312216936268,-3.168175655272506,True
ETTh1,S4,ChalML,Auto-ARIMA,r2,1,-0.0923582214006033,,-0.2120622323747536,0.1197040109741503,True
ILINet,S1,Base,Naive (Flat),mae,9,0.8384738287770015,0.054854773430028335,1.141756724137931,-0.30328289536092945,True
ILINet,S1,Base,Naive (Flat),rmse,9,1.2369934582484192,0.043010639814903384,1.8371106842512896,-0.6001172260028704,True
ILINet,S1,Base,Naive (Flat),smape,9,36.87809563164859,4.817288169786939,50.61682338855105,-13.738727756902456,True
ILINet,S1,Base,Naive (Flat),mase,9,1.2350771929324722,0.08080142428026191,5.068521107276973,-3.8334439143445005,True
ILINet,S1,Base,Naive (Flat),r2,9,0.342305876384028,0.04552172457345432,-0.449083263165521,0.7913891395495489,True
ILINet,S1,Base,Naive (Seasonal),mae,9,0.8384738287770015,0.054854773430028335,0.8150777471264369,0.023396081650564615,False
ILINet,S1,Base,Naive (Seasonal),rmse,9,1.2369934582484192,0.043010639814903384,1.2118336420180706,0.025159816230348575,False
ILINet,S1,Base,Naive (Seasonal),smape,9,36.87809563164859,4.817288169786939,35.49020960869342,1.387886022955172,False
ILINet,S1,Base,Naive (Seasonal),mase,9,1.2350771929324722,0.08080142428026191,3.618317876342133,-2.3832406834096607,True
ILINet,S1,Base,Naive (Seasonal),r2,9,0.342305876384028,0.04552172457345432,0.3694657176376653,-0.027159841253637296,False
ILINet,S1,Base,Auto-ARIMA,mae,9,0.8384738287770015,0.054854773430028335,0.997451075510474,-0.15897724673347247,True
ILINet,S1,Base,Auto-ARIMA,rmse,9,1.2369934582484192,0.043010639814903384,1.5720976211960616,-0.33510416294764234,True
ILINet,S1,Base,Auto-ARIMA,smape,9,36.87809563164859,4.817288169786939,42.785161369000974,-5.907065737352383,True
ILINet,S1,Base,Auto-ARIMA,mase,9,1.2350771929324722,0.08080142428026191,4.42791509156044,-3.1928378986279675,True
ILINet,S1,Base,Auto-ARIMA,r2,9,0.342305876384028,0.04552172457345432,-0.0611620636061041,0.4034679399901321,True
ILINet,S1,ChalDL,Naive (Flat),mae,8,1.2667573596639672,0.21544836359772487,1.141756724137931,0.12500063552603624,False
ILINet,S1,ChalDL,Naive (Flat),rmse,8,1.8086383055177484,0.25989335922008994,1.8371106842512896,-0.028472378733541248,True
ILINet,S1,ChalDL,Naive (Flat),smape,8,65.57885481126146,26.00814448592462,50.61682338855105,14.962031422710417,False
ILINet,S1,ChalDL,Naive (Flat),mase,8,1.8659415120712433,0.31735678682100255,5.068521107276973,-3.202579595205729,True
ILINet,S1,ChalDL,Naive (Flat),r2,8,-0.42989011030080315,0.4141682371528036,-0.449083263165521,0.019193152864717844,True
ILINet,S1,ChalDL,Naive (Seasonal),mae,8,1.2667573596639672,0.21544836359772487,0.8150777471264369,0.4516796125375303,False
ILINet,S1,ChalDL,Naive (Seasonal),rmse,8,1.8086383055177484,0.25989335922008994,1.2118336420180706,0.5968046634996778,False
ILINet,S1,ChalDL,Naive (Seasonal),smape,8,65.57885481126146,26.00814448592462,35.49020960869342,30.088645202568046,False
ILINet,S1,ChalDL,Naive (Seasonal),mase,8,1.8659415120712433,0.31735678682100255,3.618317876342133,-1.7523763642708896,True
ILINet,S1,ChalDL,Naive (Seasonal),r2,8,-0.42989011030080315,0.4141682371528036,0.3694657176376653,-0.7993558279384685,False
ILINet,S1,ChalDL,Auto-ARIMA,mae,8,1.2667573596639672,0.21544836359772487,0.997451075510474,0.2693062841534932,False
ILINet,S1,ChalDL,Auto-ARIMA,rmse,8,1.8086383055177484,0.25989335922008994,1.5720976211960616,0.23654068432168684,False
ILINet,S1,ChalDL,Auto-ARIMA,smape,8,65.57885481126146,26.00814448592462,42.785161369000974,22.79369344226049,False
ILINet,S1,ChalDL,Auto-ARIMA,mase,8,1.8659415120712433,0.31735678682100255,4.42791509156044,-2.5619735794891962,True
ILINet,S1,ChalDL,Auto-ARIMA,r2,8,-0.42989011030080315,0.4141682371528036,-0.0611620636061041,-0.36872804669469905,False
ILINet,S1,ChalML,Naive (Flat),mae,11,0.9173145446592534,0.032428387120046115,1.141756724137931,-0.2244421794786775,True
ILINet,S1,ChalML,Naive (Flat),rmse,11,1.3410216019853607,0.046035980523568214,1.8371106842512896,-0.49608908226592896,True
ILINet,S1,ChalML,Naive (Flat),smape,11,40.470746647205104,1.6281306147435284,50.61682338855105,-10.146076741345944,True
ILINet,S1,ChalML,Naive (Flat),mase,11,1.3512100604337378,0.047767217008995146,5.068521107276973,-3.7173110468432347,True
ILINet,S1,ChalML,Naive (Flat),r2,11,0.22703598935876276,0.053443730272254346,-0.449083263165521,0.6761192525242837,True
ILINet,S1,ChalML,Naive (Seasonal),mae,11,0.9173145446592534,0.032428387120046115,0.8150777471264369,0.10223679753281656,False
ILINet,S1,ChalML,Naive (Seasonal),rmse,11,1.3410216019853607,0.046035980523568214,1.2118336420180706,0.12918795996729004,False
ILINet,S1,ChalML,Naive (Seasonal),smape,11,40.470746647205104,1.6281306147435284,35.49020960869342,4.9805370385116845,False
ILINet,S1,ChalML,Naive (Seasonal),mase,11,1.3512100604337378,0.047767217008995146,3.618317876342133,-2.2671078159083953,True
ILINet,S1,ChalML,Naive (Seasonal),r2,11,0.22703598935876276,0.053443730272254346,0.3694657176376653,-0.14242972827890252,False
ILINet,S1,ChalML,Auto-ARIMA,mae,11,0.9173145446592534,0.032428387120046115,0.997451075510474,-0.08013653085122052,True
ILINet,S1,ChalML,Auto-ARIMA,rmse,11,1.3410216019853607,0.046035980523568214,1.5720976211960616,-0.23107601921070087,True
ILINet,S1,ChalML,Auto-ARIMA,smape,11,40.470746647205104,1.6281306147435284,42.785161369000974,-2.3144147217958704,True
ILINet,S1,ChalML,Auto-ARIMA,mase,11,1.3512100604337378,0.047767217008995146,4.42791509156044,-3.0767050311267017,True
ILINet,S1,ChalML,Auto-ARIMA,r2,11,0.22703598935876276,0.053443730272254346,-0.0611620636061041,0.2881980529648669,True
ILINet,S2,ChalDL,Naive (Flat),mae,7,0.19863029496608117,0.014049087330640763,0.2242164137931034,-0.02558611882702222,True
ILINet,S2,ChalDL,Naive (Flat),rmse,7,0.32896817208568147,0.018315052074224826,0.3731519639317301,-0.04418379184604865,True
ILINet,S2,ChalDL,Naive (Flat),smape,7,8.124143131734334,0.691059532521014,8.739191432323775,-0.6150483005894412,True
ILINet,S2,ChalDL,Naive (Flat),mase,7,0.2925836665598567,0.020694393489776728,0.9953483100932482,-0.7027646435333915,True
ILINet,S2,ChalDL,Naive (Flat),r2,7,0.9534110664726244,0.005178758942745284,0.9402147350972008,0.013196331375423642,True
ILINet,S2,ChalDL,Naive (Seasonal),mae,7,0.19863029496608117,0.014049087330640763,0.9830228084291186,-0.7843925134630374,True
ILINet,S2,ChalDL,Naive (Seasonal),rmse,7,0.32896817208568147,0.018315052074224826,1.566721894915311,-1.2377537228296296,True
ILINet,S2,ChalDL,Naive (Seasonal),smape,7,8.124143131734334,0.691059532521014,37.67433971815764,-29.550196586423304,True
ILINet,S2,ChalDL,Naive (Seasonal),mase,7,0.2925836665598567,0.020694393489776728,4.363864690369683,-4.071281023809826,True
ILINet,S2,ChalDL,Naive (Seasonal),r2,7,0.9534110664726244,0.005178758942745284,-0.0539172671879457,1.00732833366057,True
ILINet,S2,ChalDL,Auto-ARIMA,mae,7,0.19863029496608117,0.014049087330640763,0.1805901757072298,0.018040119258851378,False
ILINet,S2,ChalDL,Auto-ARIMA,rmse,7,0.32896817208568147,0.018315052074224826,0.3220763110091234,0.006891861076558092,False
ILINet,S2,ChalDL,Auto-ARIMA,smape,7,8.124143131734334,0.691059532521014,6.9712618856399216,1.1528812460944122,False
ILINet,S2,ChalDL,Auto-ARIMA,mase,7,0.2925836665598567,0.020694393489776728,0.8016813897286714,-0.5090977231688147,True
ILINet,S2,ChalDL,Auto-ARIMA,r2,7,0.9534110664726244,0.005178758942745284,0.955461020602195,-0.0020499541295705415,False
ILINet,S2,ChalML,Naive (Flat),mae,10,0.21082593238792918,0.002004204678863135,0.2242164137931034,-0.01339048140517421,True
ILINet,S2,ChalML,Naive (Flat),rmse,10,0.38217434222962005,0.0026936569478544312,0.3731519639317301,0.009022378297889933,False
ILINet,S2,ChalML,Naive (Flat),smape,10,8.008606645383669,0.10093507172978511,8.739191432323775,-0.7305847869401063,True
ILINet,S2,ChalML,Naive (Flat),mase,10,0.31054791674399007,0.0029522060246566155,0.9953483100932482,-0.6848003933492581,True
ILINet,S2,ChalML,Naive (Flat),r2,10,0.9372859042240822,0.0008799055513810816,0.9402147350972008,-0.002928830873118571,False
ILINet,S2,ChalML,Naive (Seasonal),mae,10,0.21082593238792918,0.002004204678863135,0.9830228084291186,-0.7721968760411895,True
ILINet,S2,ChalML,Naive (Seasonal),rmse,10,0.38217434222962005,0.0026936569478544312,1.566721894915311,-1.184547552685691,True
ILINet,S2,ChalML,Naive (Seasonal),smape,10,8.008606645383669,0.10093507172978511,37.67433971815764,-29.66573307277397,True
ILINet,S2,ChalML,Naive (Seasonal),mase,10,0.31054791674399007,0.0029522060246566155,4.363864690369683,-4.053316773625693,True
ILINet,S2,ChalML,Naive (Seasonal),r2,10,0.9372859042240822,0.0008799055513810816,-0.0539172671879457,0.9912031714120279,True
ILINet,S2,ChalML,Auto-ARIMA,mae,10,0.21082593238792918,0.002004204678863135,0.1805901757072298,0.03023575668069939,False
ILINet,S2,ChalML,Auto-ARIMA,rmse,10,0.38217434222962005,0.0026936569478544312,0.3220763110091234,0.06009803122049667,False
ILINet,S2,ChalML,Auto-ARIMA,smape,10,8.008606645383669,0.10093507172978511,6.9712618856399216,1.037344759743747,False
ILINet,S2,ChalML,Auto-ARIMA,mase,10,0.31054791674399007,0.0029522060246566155,0.8016813897286714,-0.49113347298468135,True
ILINet,S2,ChalML,Auto-ARIMA,r2,10,0.9372859042240822,0.0008799055513810816,0.955461020602195,-0.018175116378112754,False
ILINet,S3,ChalDL,Naive (Flat),mae,10,0.2750745965964041,0.1375386882835681,0.2242164137931034,0.050858182803300706,False
ILINet,S3,ChalDL,Naive (Flat),rmse,10,0.4221854587442263,0.2077762913666688,0.3731519639317301,0.04903349481249619,False
ILINet,S3,ChalDL,Naive (Flat),smape,10,12.125250039437073,5.541547810404454,8.739191432323775,3.3860586071132985,False
ILINet,S3,ChalDL,Naive (Flat),mase,10,0.40518660088277486,0.20259534789852346,0.9953483100932482,-0.5901617092104734,True
ILINet,S3,ChalDL,Naive (Flat),r2,10,0.9067880881859564,0.12159611583547515,0.9402147350972008,-0.03342664691124442,False
ILINet,S3,ChalDL,Naive (Seasonal),mae,10,0.2750745965964041,0.1375386882835681,0.9830228084291186,-0.7079482118327145,True
ILINet,S3,ChalDL,Naive (Seasonal),rmse,10,0.4221854587442263,0.2077762913666688,1.566721894915311,-1.1445364361710846,True
ILINet,S3,ChalDL,Naive (Seasonal),smape,10,12.125250039437073,5.541547810404454,37.67433971815764,-25.549089678720566,True
ILINet,S3,ChalDL,Naive (Seasonal),mase,10,0.40518660088277486,0.20259534789852346,4.363864690369683,-3.958678089486908,True
ILINet,S3,ChalDL,Naive (Seasonal),r2,10,0.9067880881859564,0.12159611583547515,-0.0539172671879457,0.960705355373902,True
ILINet,S3,ChalDL,Auto-ARIMA,mae,10,0.2750745965964041,0.1375386882835681,0.1805901757072298,0.0944844208891743,False
ILINet,S3,ChalDL,Auto-ARIMA,rmse,10,0.4221854587442263,0.2077762913666688,0.3220763110091234,0.10010914773510293,False
ILINet,S3,ChalDL,Auto-ARIMA,smape,10,12.125250039437073,5.541547810404454,6.9712618856399216,5.153988153797152,False
ILINet,S3,ChalDL,Auto-ARIMA,mase,10,0.40518660088277486,0.20259534789852346,0.8016813897286714,-0.39649478884589656,True
ILINet,S3,ChalDL,Auto-ARIMA,r2,10,0.9067880881859564,0.12159611583547515,0.955461020602195,-0.0486729324162386,False
ILINet,S3,ChalML,Naive (Flat),mae,10,0.657585059132278,0.6350636505754179,0.2242164137931034,0.43336864533917463,False
ILINet,S3,ChalML,Naive (Flat),rmse,10,0.9817384122741537,0.8395626699229074,0.3731519639317301,0.6085864483424236,False
ILINet,S3,ChalML,Naive (Flat),smape,10,25.922907132183894,25.44900362563672,8.739191432323775,17.18371569986012,False
ILINet,S3,ChalML,Naive (Flat),mase,10,0.9686269041122693,0.9354527284771583,0.9953483100932482,-0.02672140598097894,True
ILINet,S3,ChalML,Naive (Flat),r2,10,0.3137997108893219,0.9233614468418233,0.9402147350972008,-0.6264150242078789,False
ILINet,S3,ChalML,Naive (Seasonal),mae,10,0.657585059132278,0.6350636505754179,0.9830228084291186,-0.32543774929684055,True
ILINet,S3,ChalML,Naive (Seasonal),rmse,10,0.9817384122741537,0.8395626699229074,1.566721894915311,-0.5849834826411573,True
ILINet,S3,ChalML,Naive (Seasonal),smape,10,25.922907132183894,25.44900362563672,37.67433971815764,-11.751432585973745,True
ILINet,S3,ChalML,Naive (Seasonal),mase,10,0.9686269041122693,0.9354527284771583,4.363864690369683,-3.3952377862574137,True
ILINet,S3,ChalML,Naive (Seasonal),r2,10,0.3137997108893219,0.9233614468418233,-0.0539172671879457,0.3677169780772676,True
ILINet,S3,ChalML,Auto-ARIMA,mae,10,0.657585059132278,0.6350636505754179,0.1805901757072298,0.47699488342504825,False
ILINet,S3,ChalML,Auto-ARIMA,rmse,10,0.9817384122741537,0.8395626699229074,0.3220763110091234,0.6596621012650303,False
ILINet,S3,ChalML,Auto-ARIMA,smape,10,25.922907132183894,25.44900362563672,6.9712618856399216,18.951645246543972,False
ILINet,S3,ChalML,Auto-ARIMA,mase,10,0.9686269041122693,0.9354527284771583,0.8016813897286714,0.16694551438359784,False
ILINet,S3,ChalML,Auto-ARIMA,r2,10,0.3137997108893219,0.9233614468418233,0.955461020602195,-0.641661309712873,False
ILINet,S4,Base,Naive (Flat),mae,9,0.8347188943771923,0.007951062578914815,1.0275750383141764,-0.19285614393698414,True
ILINet,S4,Base,Naive (Flat),rmse,9,1.2845494974712055,0.0351772974302482,1.75539955560925,-0.4708500581380446,True
ILINet,S4,Base,Naive (Flat),smape,9,34.550462197253644,1.1280973449940108,43.68751516260277,-9.137052965349127,True
ILINet,S4,Base,Naive (Flat),mase,9,1.2295461510812002,0.011711964898320342,4.5616423016372405,-3.3320961505560405,True
ILINet,S4,Base,Naive (Flat),r2,9,0.29105296663010405,0.038882057840736825,-0.3230451426083929,0.614098109238497,True
ILINet,S4,Base,Naive (Seasonal),mae,9,0.8347188943771923,0.007951062578914815,0.9830228084291186,-0.14830391405192633,True
ILINet,S4,Base,Naive (Seasonal),rmse,9,1.2845494974712055,0.0351772974302482,1.566721894915311,-0.2821723974441055,True
ILINet,S4,Base,Naive (Seasonal),smape,9,34.550462197253644,1.1280973449940108,37.67433971815764,-3.1238775209039957,True
ILINet,S4,Base,Naive (Seasonal),mase,9,1.2295461510812002,0.011711964898320342,4.363864690369683,-3.1343185392884827,True
ILINet,S4,Base,Naive (Seasonal),r2,9,0.29105296663010405,0.038882057840736825,-0.0539172671879457,0.34497023381804975,True
ILINet,S4,Base,Auto-ARIMA,mae,9,0.8347188943771923,0.007951062578914815,0.926241761977118,-0.09152286759992578,True
ILINet,S4,Base,Auto-ARIMA,rmse,9,1.2845494974712055,0.0351772974302482,1.504098342891279,-0.21954884542007358,True
ILINet,S4,Base,Auto-ARIMA,smape,9,34.550462197253644,1.1280973449940108,39.04432025447509,-4.493858057221445,True
ILINet,S4,Base,Auto-ARIMA,mase,9,1.2295461510812002,0.011711964898320342,4.111800545398226,-2.882254394317026,True
ILINet,S4,Base,Auto-ARIMA,r2,9,0.29105296663010405,0.038882057840736825,0.0286513071374256,0.26240165949267846,True
ILINet,S4,ChalDL,Naive (Flat),mae,13,0.9984640963599838,0.06242596807459148,1.0275750383141764,-0.029110941954192615,True
ILINet,S4,ChalDL,Naive (Flat),rmse,13,1.4177474839814006,0.07026851707585519,1.75539955560925,-0.3376520716278495,True
ILINet,S4,ChalDL,Naive (Flat),smape,13,43.11753968701767,3.1499241919440455,43.68751516260277,-0.5699754755851032,True
ILINet,S4,ChalDL,Naive (Flat),mase,13,1.4707438575332326,0.0919538413358923,4.5616423016372405,-3.090898444104008,True
ILINet,S4,ChalDL,Naive (Flat),r2,13,0.13502382470648575,0.08748820326992182,-0.3230451426083929,0.4580689673148787,True
ILINet,S4,ChalDL,Naive (Seasonal),mae,13,0.9984640963599838,0.06242596807459148,0.9830228084291186,0.015441287930865188,False
ILINet,S4,ChalDL,Naive (Seasonal),rmse,13,1.4177474839814006,0.07026851707585519,1.566721894915311,-0.1489744109339104,True
ILINet,S4,ChalDL,Naive (Seasonal),smape,13,43.11753968701767,3.1499241919440455,37.67433971815764,5.4431999688600285,False
ILINet,S4,ChalDL,Naive (Seasonal),mase,13,1.4707438575332326,0.0919538413358923,4.363864690369683,-2.89312083283645,True
ILINet,S4,ChalDL,Naive (Seasonal),r2,13,0.13502382470648575,0.08748820326992182,-0.0539172671879457,0.18894109189443145,True
ILINet,S4,ChalDL,Auto-ARIMA,mae,13,0.9984640963599838,0.06242596807459148,0.926241761977118,0.07222233438286574,False
ILINet,S4,ChalDL,Auto-ARIMA,rmse,13,1.4177474839814006,0.07026851707585519,1.504098342891279,-0.08635085890987848,True
ILINet,S4,ChalDL,Auto-ARIMA,smape,13,43.11753968701767,3.1499241919440455,39.04432025447509,4.0732194325425795,False
ILINet,S4,ChalDL,Auto-ARIMA,mase,13,1.4707438575332326,0.0919538413358923,4.111800545398226,-2.6410566878649933,True
ILINet,S4,ChalDL,Auto-ARIMA,r2,13,0.13502382470648575,0.08748820326992182,0.0286513071374256,0.10637251756906015,True
ILINet,S4,ChalML,Naive (Flat),mae,12,0.8758465635931397,0.0792935306488213,1.0275750383141764,-0.15172847472103668,True
ILINet,S4,ChalML,Naive (Flat),rmse,12,1.3603168578984917,0.14827291776639384,1.75539955560925,-0.39508269771075843,True
ILINet,S4,ChalML,Naive (Flat),smape,12,35.80282837991853,3.058615202182612,43.68751516260277,-7.884686782684241,True
ILINet,S4,ChalML,Naive (Flat),mase,12,1.2901274650158026,0.11679986648396314,4.5616423016372405,-3.2715148366214377,True
ILINet,S4,ChalML,Naive (Flat),r2,12,0.19683079808120638,0.18496940936319498,-0.3230451426083929,0.5198759406895993,True
ILINet,S4,ChalML,Naive (Seasonal),mae,12,0.8758465635931397,0.0792935306488213,0.9830228084291186,-0.10717624483597887,True
ILINet,S4,ChalML,Naive (Seasonal),rmse,12,1.3603168578984917,0.14827291776639384,1.566721894915311,-0.20640503701681934,True
ILINet,S4,ChalML,Naive (Seasonal),smape,12,35.80282837991853,3.058615202182612,37.67433971815764,-1.8715113382391095,True
ILINet,S4,ChalML,Naive (Seasonal),mase,12,1.2901274650158026,0.11679986648396314,4.363864690369683,-3.07373722535388,True
ILINet,S4,ChalML,Naive (Seasonal),r2,12,0.19683079808120638,0.18496940936319498,-0.0539172671879457,0.25074806526915205,True
ILINet,S4,ChalML,Auto-ARIMA,mae,12,0.8758465635931397,0.0792935306488213,0.926241761977118,-0.050395198383978324,True
ILINet,S4,ChalML,Auto-ARIMA,rmse,12,1.3603168578984917,0.14827291776639384,1.504098342891279,-0.14378148499278742,True
ILINet,S4,ChalML,Auto-ARIMA,smape,12,35.80282837991853,3.058615202182612,39.04432025447509,-3.2414918745565586,True
ILINet,S4,ChalML,Auto-ARIMA,mase,12,1.2901274650158026,0.11679986648396314,4.111800545398226,-2.821673080382423,True
ILINet,S4,ChalML,Auto-ARIMA,r2,12,0.19683079808120638,0.18496940936319498,0.0286513071374256,0.16817949094378076,True
IceCreamHeater,S1,Base,Naive (Flat),mae,18,16.74457754319876,3.271807654388633,16.975,-0.23042245680124296,True
IceCreamHeater,S1,Base,Naive (Flat),rmse,18,20.483087589559393,3.568223233400357,23.47924615484918,-2.996158565289786,True
IceCreamHeater,S1,Base,Naive (Flat),smape,18,30.37058503385722,9.468706715690134,31.55833714450574,-1.1877521106485176,True
IceCreamHeater,S1,Base,Naive (Flat),mase,18,3.994621440044148,0.7805292770273538,3.954117210682493,0.04050422936165532,False
IceCreamHeater,S1,Base,Naive (Flat),r2,18,-0.44986950321524105,0.5885483655401686,-0.8519708317323538,0.4021013285171127,True
IceCreamHeater,S1,Base,Naive (Seasonal),mae,18,16.74457754319876,3.271807654388633,12.325,4.419577543198759,False
IceCreamHeater,S1,Base,Naive (Seasonal),rmse,18,20.483087589559393,3.568223233400357,14.687579787017327,5.795507802542065,False
IceCreamHeater,S1,Base,Naive (Seasonal),smape,18,30.37058503385722,9.468706715690134,22.703455845330343,7.667129188526879,False
IceCreamHeater,S1,Base,Naive (Seasonal),mase,18,3.994621440044148,0.7805292770273538,2.8709569732937683,1.12366446675038,False
IceCreamHeater,S1,Base,Naive (Seasonal),r2,18,-0.44986950321524105,0.5885483655401686,0.2752865490445566,-0.7251560522597977,False
IceCreamHeater,S1,Base,Auto-ARIMA,mae,18,16.74457754319876,3.271807654388633,7.133823335627705,9.610754207571054,False
IceCreamHeater,S1,Base,Auto-ARIMA,rmse,18,20.483087589559393,3.568223233400357,9.511379835683252,10.97170775387614,False
IceCreamHeater,S1,Base,Auto-ARIMA,smape,18,30.37058503385722,9.468706715690134,12.619000816939066,17.751584216918154,False
IceCreamHeater,S1,Base,Auto-ARIMA,mase,18,3.994621440044148,0.7805292770273538,1.6617362962812308,2.3328851437629172,False
IceCreamHeater,S1,Base,Auto-ARIMA,r2,18,-0.44986950321524105,0.5885483655401686,0.6960844682841762,-1.1459539714994174,False
IceCreamHeater,S1,ChalDL,Naive (Flat),mae,16,81.57275516426719,107.9209740662354,16.975,64.5977551642672,False
IceCreamHeater,S1,ChalDL,Naive (Flat),rmse,16,108.05048253928136,153.59635786312094,23.47924615484918,84.57123638443218,False
IceCreamHeater,S1,ChalDL,Naive (Flat),smape,16,62.83945658897698,33.697604608808305,31.55833714450574,31.28111944447124,False
IceCreamHeater,S1,ChalDL,Naive (Flat),mase,16,19.460167081671585,25.74585329031106,3.954117210682493,15.506049870989091,False
IceCreamHeater,S1,ChalDL,Naive (Flat),r2,16,-112.52278968565867,264.2900401802454,-0.8519708317323538,-111.6708188539263,False
IceCreamHeater,S1,ChalDL,Naive (Seasonal),mae,16,81.57275516426719,107.9209740662354,12.325,69.24775516426719,False
IceCreamHeater,S1,ChalDL,Naive (Seasonal),rmse,16,108.05048253928136,153.59635786312094,14.687579787017327,93.36290275226403,False
IceCreamHeater,S1,ChalDL,Naive (Seasonal),smape,16,62.83945658897698,33.697604608808305,22.703455845330343,40.13600074364663,False
IceCreamHeater,S1,ChalDL,Naive (Seasonal),mase,16,19.460167081671585,25.74585329031106,2.8709569732937683,16.589210108377817,False
IceCreamHeater,S1,ChalDL,Naive (Seasonal),r2,16,-112.52278968565867,264.2900401802454,0.2752865490445566,-112.79807623470322,False
IceCreamHeater,S1,ChalDL,Auto-ARIMA,mae,16,81.57275516426719,107.9209740662354,7.133823335627705,74.43893182863948,False
IceCreamHeater,S1,ChalDL,Auto-ARIMA,rmse,16,108.05048253928136,153.59635786312094,9.511379835683252,98.5391027035981,False
IceCreamHeater,S1,ChalDL,Auto-ARIMA,smape,16,62.83945658897698,33.697604608808305,12.619000816939066,50.220455772037916,False
IceCreamHeater,S1,ChalDL,Auto-ARIMA,mase,16,19.460167081671585,25.74585329031106,1.6617362962812308,17.798430785390355,False
IceCreamHeater,S1,ChalDL,Auto-ARIMA,r2,16,-112.52278968565867,264.2900401802454,0.6960844682841762,-113.21887415394283,False
IceCreamHeater,S1,ChalML,Naive (Flat),mae,17,15.269985630435164,5.866372759281956,16.975,-1.7050143695648377,True
IceCreamHeater,S1,ChalML,Naive (Flat),rmse,17,18.18203046892327,6.378824925510265,23.47924615484918,-5.297215685925909,True
IceCreamHeater,S1,ChalML,Naive (Flat),smape,17,29.825880736138068,16.849050196114554,31.55833714450574,-1.7324564083676712,True
IceCreamHeater,S1,ChalML,Naive (Flat),mase,17,3.6428397092214606,1.3994941549921005,3.954117210682493,-0.3112775014610323,True
IceCreamHeater,S1,ChalML,Naive (Flat),r2,17,-0.23923445214490388,1.051669035372948,-0.8519708317323538,0.6127363795874499,True
IceCreamHeater,S1,ChalML,Naive (Seasonal),mae,17,15.269985630435164,5.866372759281956,12.325,2.9449856304351645,False
IceCreamHeater,S1,ChalML,Naive (Seasonal),rmse,17,18.18203046892327,6.378824925510265,14.687579787017327,3.494450681905942,False
IceCreamHeater,S1,ChalML,Naive (Seasonal),smape,17,29.825880736138068,16.849050196114554,22.703455845330343,7.122424890807725,False
IceCreamHeater,S1,ChalML,Naive (Seasonal),mase,17,3.6428397092214606,1.3994941549921005,2.8709569732937683,0.7718827359276923,False
IceCreamHeater,S1,ChalML,Naive (Seasonal),r2,17,-0.23923445214490388,1.051669035372948,0.2752865490445566,-0.5145210011894605,False
IceCreamHeater,S1,ChalML,Auto-ARIMA,mae,17,15.269985630435164,5.866372759281956,7.133823335627705,8.136162294807459,False
IceCreamHeater,S1,ChalML,Auto-ARIMA,rmse,17,18.18203046892327,6.378824925510265,9.511379835683252,8.670650633240017,False
IceCreamHeater,S1,ChalML,Auto-ARIMA,smape,17,29.825880736138068,16.849050196114554,12.619000816939066,17.206879919199004,False
IceCreamHeater,S1,ChalML,Auto-ARIMA,mase,17,3.6428397092214606,1.3994941549921005,1.6617362962812308,1.9811034129402298,False
IceCreamHeater,S1,ChalML,Auto-ARIMA,r2,17,-0.23923445214490388,1.051669035372948,0.6960844682841762,-0.9353189204290802,False
IceCreamHeater,S2,Base,Naive (Flat),mae,15,7.398890750170765,5.49504799576757,9.675,-2.2761092498292355,True
IceCreamHeater,S2,Base,Naive (Flat),rmse,15,8.71008555475649,6.439006550987252,12.131570384744096,-3.4214848299876053,True
IceCreamHeater,S2,Base,Naive (Flat),smape,15,14.36107084316738,11.147864440538061,16.335334378472538,-1.974263535305159,True
IceCreamHeater,S2,Base,Naive (Flat),mase,15,1.765094852164921,1.3109101427811527,2.2536721068249257,-0.4885772546600047,True
IceCreamHeater,S2,Base,Naive (Flat),r2,15,0.6151356113005445,0.702398113529763,0.5055756071648285,0.10956000413571598,True
IceCreamHeater,S2,Base,Naive (Seasonal),mae,15,7.398890750170765,5.49504799576757,5.475,1.9238907501707656,False
IceCreamHeater,S2,Base,Naive (Seasonal),rmse,15,8.71008555475649,6.439006550987252,7.98905501295366,0.7210305418028309,False
IceCreamHeater,S2,Base,Naive (Seasonal),smape,15,14.36107084316738,11.147864440538061,9.9868157724924,4.3742550706749785,False
IceCreamHeater,S2,Base,Naive (Seasonal),mase,15,1.765094852164921,1.3109101427811527,1.275333827893175,0.48976102427174606,False
IceCreamHeater,S2,Base,Naive (Seasonal),r2,15,0.6151356113005445,0.702398113529763,0.7855842577020227,-0.17044864640147817,False
IceCreamHeater,S2,Base,Auto-ARIMA,mae,15,7.398890750170765,5.49504799576757,5.62864593483677,1.770244815333995,False
IceCreamHeater,S2,Base,Auto-ARIMA,rmse,15,8.71008555475649,6.439006550987252,6.5608920818743,2.1491934728821906,False
IceCreamHeater,S2,Base,Auto-ARIMA,smape,15,14.36107084316738,11.147864440538061,10.814419347241724,3.546651495925655,False
IceCreamHeater,S2,Base,Auto-ARIMA,mase,15,1.765094852164921,1.3109101427811527,1.3111237563343812,0.45397109583053985,False
IceCreamHeater,S2,Base,Auto-ARIMA,r2,15,0.6151356113005445,0.702398113529763,0.8553922286765279,-0.24025661737598336,False
IceCreamHeater,S2,ChalDL,Naive (Flat),mae,18,31.73240174950955,12.616494712829995,9.675,22.05740174950955,False
IceCreamHeater,S2,ChalDL,Naive (Flat),rmse,18,35.23908932047181,12.938367783000624,12.131570384744096,23.107518935727718,False
IceCreamHeater,S2,ChalDL,Naive (Flat),smape,18,82.31064400640383,38.48455254186957,16.335334378472538,65.9753096279313,False
IceCreamHeater,S2,ChalDL,Naive (Flat),mase,18,7.570148129784958,3.009817366132646,2.2536721068249257,5.316476022960033,False
IceCreamHeater,S2,ChalDL,Naive (Flat),r2,18,-3.702850944674706,2.365072072869555,0.5055756071648285,-4.208426551839535,False
IceCreamHeater,S2,ChalDL,Naive (Seasonal),mae,18,31.73240174950955,12.616494712829995,5.475,26.257401749509548,False
IceCreamHeater,S2,ChalDL,Naive (Seasonal),rmse,18,35.23908932047181,12.938367783000624,7.98905501295366,27.250034307518153,False
IceCreamHeater,S2,ChalDL,Naive (Seasonal),smape,18,82.31064400640383,38.48455254186957,9.9868157724924,72.32382823391143,False
IceCreamHeater,S2,ChalDL,Naive (Seasonal),mase,18,7.570148129784958,3.009817366132646,1.275333827893175,6.294814301891783,False
IceCreamHeater,S2,ChalDL,Naive (Seasonal),r2,18,-3.702850944674706,2.365072072869555,0.7855842577020227,-4.488435202376729,False
IceCreamHeater,S2,ChalDL,Auto-ARIMA,mae,18,31.73240174950955,12.616494712829995,5.62864593483677,26.10375581467278,False
IceCreamHeater,S2,ChalDL,Auto-ARIMA,rmse,18,35.23908932047181,12.938367783000624,6.5608920818743,28.678197238597512,False
IceCreamHeater,S2,ChalDL,Auto-ARIMA,smape,18,82.31064400640383,38.48455254186957,10.814419347241724,71.49622465916211,False
IceCreamHeater,S2,ChalDL,Auto-ARIMA,mase,18,7.570148129784958,3.009817366132646,1.3111237563343812,6.259024373450577,False
IceCreamHeater,S2,ChalDL,Auto-ARIMA,r2,18,-3.702850944674706,2.365072072869555,0.8553922286765279,-4.558243173351234,False
IceCreamHeater,S2,ChalML,Naive (Flat),mae,17,9.69582705397303,8.345652104348313,9.675,0.020827053973029308,False
IceCreamHeater,S2,ChalML,Naive (Flat),rmse,17,12.171457840833662,9.203785831601131,12.131570384744096,0.03988745608956634,False
IceCreamHeater,S2,ChalML,Naive (Flat),smape,17,18.936013629476264,20.11190030485778,16.335334378472538,2.6006792510037258,False
IceCreamHeater,S2,ChalML,Naive (Flat),mase,17,2.313056780849775,1.990956220971983,2.2536721068249257,0.05938467402484937,False
IceCreamHeater,S2,ChalML,Naive (Flat),r2,17,0.2344824265959392,1.290458122093459,0.5055756071648285,-0.2710931805688893,False
IceCreamHeater,S2,ChalML,Naive (Seasonal),mae,17,9.69582705397303,8.345652104348313,5.475,4.22082705397303,False
IceCreamHeater,S2,ChalML,Naive (Seasonal),rmse,17,12.171457840833662,9.203785831601131,7.98905501295366,4.1824028278800025,False
IceCreamHeater,S2,ChalML,Naive (Seasonal),smape,17,18.936013629476264,20.11190030485778,9.9868157724924,8.949197856983863,False
IceCreamHeater,S2,ChalML,Naive (Seasonal),mase,17,2.313056780849775,1.990956220971983,1.275333827893175,1.0377229529566,False
IceCreamHeater,S2,ChalML,Naive (Seasonal),r2,17,0.2344824265959392,1.290458122093459,0.7855842577020227,-0.5511018311060835,False
IceCreamHeater,S2,ChalML,Auto-ARIMA,mae,17,9.69582705397303,8.345652104348313,5.62864593483677,4.06718111913626,False
IceCreamHeater,S2,ChalML,Auto-ARIMA,rmse,17,12.171457840833662,9.203785831601131,6.5608920818743,5.610565758959362,False
IceCreamHeater,S2,ChalML,Auto-ARIMA,smape,17,18.936013629476264,20.11190030485778,10.814419347241724,8.12159428223454,False
IceCreamHeater,S2,ChalML,Auto-ARIMA,mase,17,2.313056780849775,1.990956220971983,1.3111237563343812,1.001933024515394,False
IceCreamHeater,S2,ChalML,Auto-ARIMA,r2,17,0.2344824265959392,1.290458122093459,0.8553922286765279,-0.6209098020805887,False
IceCreamHeater,S3,Base,Naive (Flat),mae,7,8.406494033900723,8.02060466396829,9.675,-1.2685059660992781,True
IceCreamHeater,S3,Base,Naive (Flat),rmse,7,9.766919163930513,9.092653985049136,12.131570384744096,-2.364651220813583,True
IceCreamHeater,S3,Base,Naive (Flat),smape,7,17.828221866787107,19.64312061646256,16.335334378472538,1.4928874883145689,False
IceCreamHeater,S3,Base,Naive (Flat),mase,7,2.0054707989371003,1.913412223757141,2.2536721068249257,-0.24820130788782535,True
IceCreamHeater,S3,Base,Naive (Flat),r2,7,0.441467035779809,1.1215728671898195,0.5055756071648285,-0.06410857138501952,False
IceCreamHeater,S3,Base,Naive (Seasonal),mae,7,8.406494033900723,8.02060466396829,5.475,2.931494033900723,False
IceCreamHeater,S3,Base,Naive (Seasonal),rmse,7,9.766919163930513,9.092653985049136,7.98905501295366,1.7778641509768534,False
IceCreamHeater,S3,Base,Naive (Seasonal),smape,7,17.828221866787107,19.64312061646256,9.9868157724924,7.841406094294706,False
IceCreamHeater,S3,Base,Naive (Seasonal),mase,7,2.0054707989371003,1.913412223757141,1.275333827893175,0.7301369710439254,False
IceCreamHeater,S3,Base,Naive (Seasonal),r2,7,0.441467035779809,1.1215728671898195,0.7855842577020227,-0.34411722192221367,False
IceCreamHeater,S3,Base,Auto-ARIMA,mae,7,8.406494033900723,8.02060466396829,5.62864593483677,2.7778480990639522,False
IceCreamHeater,S3,Base,Auto-ARIMA,rmse,7,9.766919163930513,9.092653985049136,6.5608920818743,3.206027082056213,False
IceCreamHeater,S3,Base,Auto-ARIMA,smape,7,17.828221866787107,19.64312061646256,10.814419347241724,7.013802519545383,False
IceCreamHeater,S3,Base,Auto-ARIMA,mase,7,2.0054707989371003,1.913412223757141,1.3111237563343812,0.6943470426027192,False
IceCreamHeater,S3,Base,Auto-ARIMA,r2,7,0.441467035779809,1.1215728671898195,0.8553922286765279,-0.41392519289671886,False
IceCreamHeater,S3,ChalDL,Naive (Flat),mae,13,28.622230767236797,15.085010975431189,9.675,18.947230767236796,False
IceCreamHeater,S3,ChalDL,Naive (Flat),rmse,13,31.769418230298143,15.695833624385983,12.131570384744096,19.63784784555405,False
IceCreamHeater,S3,ChalDL,Naive (Flat),smape,13,74.93301855137354,46.3073171493645,16.335334378472538,58.597684172901,False
IceCreamHeater,S3,ChalDL,Naive (Flat),mase,13,6.828179235321197,3.598711768648617,2.2536721068249257,4.574507128496271,False
IceCreamHeater,S3,ChalDL,Naive (Flat),r2,13,-3.1546243065465256,2.967308371399381,0.5055756071648285,-3.660199913711354,False
IceCreamHeater,S3,ChalDL,Naive (Seasonal),mae,13,28.622230767236797,15.085010975431189,5.475,23.1472307672368,False
IceCreamHeater,S3,ChalDL,Naive (Seasonal),rmse,13,31.769418230298143,15.695833624385983,7.98905501295366,23.780363217344483,False
IceCreamHeater,S3,ChalDL,Naive (Seasonal),smape,13,74.93301855137354,46.3073171493645,9.9868157724924,64.94620277888113,False
IceCreamHeater,S3,ChalDL,Naive (Seasonal),mase,13,6.828179235321197,3.598711768648617,1.275333827893175,5.552845407428022,False
IceCreamHeater,S3,ChalDL,Naive (Seasonal),r2,13,-3.1546243065465256,2.967308371399381,0.7855842577020227,-3.9402085642485485,False
IceCreamHeater,S3,ChalDL,Auto-ARIMA,mae,13,28.622230767236797,15.085010975431189,5.62864593483677,22.993584832400025,False
IceCreamHeater,S3,ChalDL,Auto-ARIMA,rmse,13,31.769418230298143,15.695833624385983,6.5608920818743,25.208526148423843,False
IceCreamHeater,S3,ChalDL,Auto-ARIMA,smape,13,74.93301855137354,46.3073171493645,10.814419347241724,64.11859920413181,False
IceCreamHeater,S3,ChalDL,Auto-ARIMA,mase,13,6.828179235321197,3.598711768648617,1.3111237563343812,5.517055478986816,False
IceCreamHeater,S3,ChalDL,Auto-ARIMA,r2,13,-3.1546243065465256,2.967308371399381,0.8553922286765279,-4.010016535223054,False
IceCreamHeater,S3,ChalML,Naive (Flat),mae,11,5.639709388678247,0.14444935035598544,9.675,-4.035290611321754,True
IceCreamHeater,S3,ChalML,Naive (Flat),rmse,11,7.720759229577013,0.2063492929272447,12.131570384744096,-4.410811155167083,True
IceCreamHeater,S3,ChalML,Naive (Flat),smape,11,10.090432912985698,0.2181875644566509,16.335334378472538,-6.244901465486841,True
IceCreamHeater,S3,ChalML,Naive (Flat),mase,11,1.3454208672336991,0.034460139137212464,2.2536721068249257,-0.9082512395912266,True
IceCreamHeater,S3,ChalML,Naive (Flat),r2,11,0.7996138091131842,0.010909239770707025,0.5055756071648285,0.2940382019483557,True
IceCreamHeater,S3,ChalML,Naive (Seasonal),mae,11,5.639709388678247,0.14444935035598544,5.475,0.16470938867824714,False
IceCreamHeater,S3,ChalML,Naive (Seasonal),rmse,11,7.720759229577013,0.2063492929272447,7.98905501295366,-0.2682957833766473,True
IceCreamHeater,S3,ChalML,Naive (Seasonal),smape,11,10.090432912985698,0.2181875644566509,9.9868157724924,0.10361714049329684,False
IceCreamHeater,S3,ChalML,Naive (Seasonal),mase,11,1.3454208672336991,0.034460139137212464,1.275333827893175,0.07008703934052418,False
IceCreamHeater,S3,ChalML,Naive (Seasonal),r2,11,0.7996138091131842,0.010909239770707025,0.7855842577020227,0.014029551411161578,True
IceCreamHeater,S3,ChalML,Auto-ARIMA,mae,11,5.639709388678247,0.14444935035598544,5.62864593483677,0.011063453841476445,False
IceCreamHeater,S3,ChalML,Auto-ARIMA,rmse,11,7.720759229577013,0.2063492929272447,6.5608920818743,1.1598671477027125,False
IceCreamHeater,S3,ChalML,Auto-ARIMA,smape,11,10.090432912985698,0.2181875644566509,10.814419347241724,-0.7239864342560267,True
IceCreamHeater,S3,ChalML,Auto-ARIMA,mase,11,1.3454208672336991,0.034460139137212464,1.3111237563343812,0.03429711089931797,False
IceCreamHeater,S3,ChalML,Auto-ARIMA,r2,11,0.7996138091131842,0.010909239770707025,0.8553922286765279,-0.05577841956334362,False
IceCreamHeater,S4,Base,Naive (Flat),mae,16,7.782430787971263,4.693444337001803,15.625,-7.842569212028737,True
IceCreamHeater,S4,Base,Naive (Flat),rmse,16,9.81752272498739,5.3607493085741496,21.81341330466188,-11.995890579674489,True
IceCreamHeater,S4,Base,Naive (Flat),smape,16,15.600614806965408,11.510404804047127,28.4812867143854,-12.880671907419993,True
IceCreamHeater,S4,Base,Naive (Flat),mase,16,1.8565929657578504,1.119677897389319,3.639651335311573,-1.7830583695537225,True
IceCreamHeater,S4,Base,Naive (Flat),r2,16,0.5856971059478795,0.6914355541809627,-0.598501693363652,1.1841987993115315,True
IceCreamHeater,S4,Base,Naive (Seasonal),mae,16,7.782430787971263,4.693444337001803,5.475,2.3074307879712634,False
IceCreamHeater,S4,Base,Naive (Seasonal),rmse,16,9.81752272498739,5.3607493085741496,7.98905501295366,1.8284677120337296,False
IceCreamHeater,S4,Base,Naive (Seasonal),smape,16,15.600614806965408,11.510404804047127,9.9868157724924,5.613799034473008,False
IceCreamHeater,S4,Base,Naive (Seasonal),mase,16,1.8565929657578504,1.119677897389319,1.275333827893175,0.5812591378646754,False
IceCreamHeater,S4,Base,Naive (Seasonal),r2,16,0.5856971059478795,0.6914355541809627,0.7855842577020227,-0.19988715175414318,False
IceCreamHeater,S4,Base,Auto-ARIMA,mae,16,7.782430787971263,4.693444337001803,6.256770060043544,1.5256607279277192,False
IceCreamHeater,S4,Base,Auto-ARIMA,rmse,16,9.81752272498739,5.3607493085741496,7.817786513100057,1.999736211887333,False
IceCreamHeater,S4,Base,Auto-ARIMA,smape,16,15.600614806965408,11.510404804047127,11.571037750001045,4.029577056964364,False
IceCreamHeater,S4,Base,Auto-ARIMA,mase,16,1.8565929657578504,1.119677897389319,1.4574375362415968,0.3991554295162536,False
IceCreamHeater,S4,Base,Auto-ARIMA,r2,16,0.5856971059478795,0.6914355541809627,0.7946789589476273,-0.2089818529997478,False
IceCreamHeater,S4,ChalDL,Naive (Flat),mae,16,12.256083657664849,16.883283538571618,15.625,-3.368916342335151,True
IceCreamHeater,S4,ChalDL,Naive (Flat),rmse,16,15.832690018158809,21.51212290042434,21.81341330466188,-5.9807232865030695,True
IceCreamHeater,S4,ChalDL,Naive (Flat),smape,16,18.005499032531176,15.397786380376374,28.4812867143854,-10.475787681854225,True
IceCreamHeater,S4,ChalDL,Naive (Flat),mase,16,2.923836951011549,4.02771143240434,3.639651335311573,-0.7158143843000238,True
IceCreamHeater,S4,ChalDL,Naive (Flat),r2,16,-1.2996060324105625,7.5572719655401395,-0.598501693363652,-0.7011043390469105,False
IceCreamHeater,S4,ChalDL,Naive (Seasonal),mae,16,12.256083657664849,16.883283538571618,5.475,6.781083657664849,False
IceCreamHeater,S4,ChalDL,Naive (Seasonal),rmse,16,15.832690018158809,21.51212290042434,7.98905501295366,7.843635005205149,False
IceCreamHeater,S4,ChalDL,Naive (Seasonal),smape,16,18.005499032531176,15.397786380376374,9.9868157724924,8.018683260038776,False
IceCreamHeater,S4,ChalDL,Naive (Seasonal),mase,16,2.923836951011549,4.02771143240434,1.275333827893175,1.6485031231183742,False
IceCreamHeater,S4,ChalDL,Naive (Seasonal),r2,16,-1.2996060324105625,7.5572719655401395,0.7855842577020227,-2.0851902901125854,False
IceCreamHeater,S4,ChalDL,Auto-ARIMA,mae,16,12.256083657664849,16.883283538571618,6.256770060043544,5.999313597621305,False
IceCreamHeater,S4,ChalDL,Auto-ARIMA,rmse,16,15.832690018158809,21.51212290042434,7.817786513100057,8.014903505058752,False
IceCreamHeater,S4,ChalDL,Auto-ARIMA,smape,16,18.005499032531176,15.397786380376374,11.571037750001045,6.4344612825301315,False
IceCreamHeater,S4,ChalDL,Auto-ARIMA,mase,16,2.923836951011549,4.02771143240434,1.4574375362415968,1.4663994147699524,False
IceCreamHeater,S4,ChalDL,Auto-ARIMA,r2,16,-1.2996060324105625,7.5572719655401395,0.7946789589476273,-2.09428499135819,False
IceCreamHeater,S4,ChalML,Naive (Flat),mae,16,11.974166653515763,8.007026509988112,15.625,-3.6508333464842373,True
IceCreamHeater,S4,ChalML,Naive (Flat),rmse,16,15.088114890324,8.412037814887274,21.81341330466188,-6.725298414337878,True
IceCreamHeater,S4,ChalML,Naive (Flat),smape,16,24.03168509725904,22.2469478942735,28.4812867143854,-4.449601617126362,True
IceCreamHeater,S4,ChalML,Naive (Flat),mase,16,2.8565822408714077,1.9101729909448766,3.639651335311573,-0.7830690944401653,True
IceCreamHeater,S4,ChalML,Naive (Flat),r2,16,0.012357443958530043,1.3509456972910703,-0.598501693363652,0.610859137322182,True
IceCreamHeater,S4,ChalML,Naive (Seasonal),mae,16,11.974166653515763,8.007026509988112,5.475,6.499166653515763,False
IceCreamHeater,S4,ChalML,Naive (Seasonal),rmse,16,15.088114890324,8.412037814887274,7.98905501295366,7.09905987737034,False
IceCreamHeater,S4,ChalML,Naive (Seasonal),smape,16,24.03168509725904,22.2469478942735,9.9868157724924,14.044869324766639,False
IceCreamHeater,S4,ChalML,Naive (Seasonal),mase,16,2.8565822408714077,1.9101729909448766,1.275333827893175,1.5812484129782327,False
IceCreamHeater,S4,ChalML,Naive (Seasonal),r2,16,0.012357443958530043,1.3509456972910703,0.7855842577020227,-0.7732268137434927,False
IceCreamHeater,S4,ChalML,Auto-ARIMA,mae,16,11.974166653515763,8.007026509988112,6.256770060043544,5.717396593472219,False
IceCreamHeater,S4,ChalML,Auto-ARIMA,rmse,16,15.088114890324,8.412037814887274,7.817786513100057,7.270328377223944,False
IceCreamHeater,S4,ChalML,Auto-ARIMA,smape,16,24.03168509725904,22.2469478942735,11.571037750001045,12.460647347257995,False
IceCreamHeater,S4,ChalML,Auto-ARIMA,mase,16,2.8565822408714077,1.9101729909448766,1.4574375362415968,1.3991447046298109,False
IceCreamHeater,S4,ChalML,Auto-ARIMA,r2,16,0.012357443958530043,1.3509456972910703,0.7946789589476273,-0.7823215149890973,False
Temperature,S1,ChalDL,Naive (Flat),mae,11,3.7928730720951194,0.4586583273101454,3.982191780821917,-0.1893187087267978,True
Temperature,S1,ChalDL,Naive (Flat),rmse,11,4.644533345237481,0.5590082977956569,4.876516272802143,-0.23198292756466188,True
Temperature,S1,ChalDL,Naive (Flat),smape,11,34.38275521538635,3.8492175286081847,35.03735616191878,-0.6546009465324332,True
Temperature,S1,ChalDL,Naive (Flat),mase,11,1.207244207096252,0.14598764529068936,1.8281356643525373,-0.6208914572562854,True
Temperature,S1,ChalDL,Naive (Flat),r2,11,-0.297759616022194,0.3245174808152945,-0.4120414919709421,0.11428187594874811,True
Temperature,S1,ChalDL,Naive (Seasonal),mae,11,3.7928730720951194,0.4586583273101454,2.954246575342466,0.8386264967526533,False
Temperature,S1,ChalDL,Naive (Seasonal),rmse,11,4.644533345237481,0.5590082977956569,3.716483092298748,0.9280502529387333,False
Temperature,S1,ChalDL,Naive (Seasonal),smape,11,34.38275521538635,3.8492175286081847,27.787874877830664,6.594880337555683,False
Temperature,S1,ChalDL,Naive (Seasonal),mase,11,1.207244207096252,0.14598764529068936,1.3562288867363892,-0.14898467964013729,True
Temperature,S1,ChalDL,Naive (Seasonal),r2,11,-0.297759616022194,0.3245174808152945,0.179851631015888,-0.477611247038082,False
Temperature,S1,ChalDL,Auto-ARIMA,mae,11,3.7928730720951194,0.4586583273101454,3.3118822669750934,0.480990805120026,False
Temperature,S1,ChalDL,Auto-ARIMA,rmse,11,4.644533345237481,0.5590082977956569,4.023051673658998,0.6214816715784837,False
Temperature,S1,ChalDL,Auto-ARIMA,smape,11,34.38275521538635,3.8492175286081847,30.57586394732023,3.806891268066117,False
Temperature,S1,ChalDL,Auto-ARIMA,mase,11,1.207244207096252,0.14598764529068936,1.520411477305658,-0.31316727020940616,True
Temperature,S1,ChalDL,Auto-ARIMA,r2,11,-0.297759616022194,0.3245174808152945,0.0389647345253003,-0.3367243505474943,False
Temperature,S1,ChalML,Naive (Flat),mae,9,3.7668656769550575,1.4126581496109907,3.982191780821917,-0.21532610386685969,True
Temperature,S1,ChalML,Naive (Flat),rmse,9,4.5972681091881515,1.72406186442612,4.876516272802143,-0.27924816361399163,True
Temperature,S1,ChalML,Naive (Flat),smape,9,32.56098593876767,12.210745401990126,35.03735616191878,-2.4763702231511076,True
Temperature,S1,ChalML,Naive (Flat),mase,9,1.1989662403602968,0.449638924189765,1.8281356643525373,-0.6291694239922405,True
Temperature,S1,ChalML,Naive (Flat),r2,9,-0.4118388302331366,0.5295448154595882,-0.4120414919709421,0.00020266173780547625,True
Temperature,S1,ChalML,Naive (Seasonal),mae,9,3.7668656769550575,1.4126581496109907,2.954246575342466,0.8126191016125914,False
Temperature,S1,ChalML,Naive (Seasonal),rmse,9,4.5972681091881515,1.72406186442612,3.716483092298748,0.8807850168894036,False
Temperature,S1,ChalML,Naive (Seasonal),smape,9,32.56098593876767,12.210745401990126,27.787874877830664,4.773111060937008,False
Temperature,S1,ChalML,Naive (Seasonal),mase,9,1.1989662403602968,0.449638924189765,1.3562288867363892,-0.15726264637609244,True
Temperature,S1,ChalML,Naive (Seasonal),r2,9,-0.4118388302331366,0.5295448154595882,0.179851631015888,-0.5916904612490246,False
Temperature,S1,ChalML,Auto-ARIMA,mae,9,3.7668656769550575,1.4126581496109907,3.3118822669750934,0.4549834099799641,False
Temperature,S1,ChalML,Auto-ARIMA,rmse,9,4.5972681091881515,1.72406186442612,4.023051673658998,0.5742164355291539,False
Temperature,S1,ChalML,Auto-ARIMA,smape,9,32.56098593876767,12.210745401990126,30.57586394732023,1.9851219914474427,False
Temperature,S1,ChalML,Auto-ARIMA,mase,9,1.1989662403602968,0.449638924189765,1.520411477305658,-0.3214452369453613,True
Temperature,S1,ChalML,Auto-ARIMA,r2,9,-0.4118388302331366,0.5295448154595882,0.0389647345253003,-0.4508035647584369,False
Temperature,S2,ChalML,Naive (Flat),mae,13,1.7405732265960323,0.0013687727978768988,1.952739726027397,-0.21216649943136479,True
Temperature,S2,ChalML,Naive (Flat),rmse,13,2.2144967549646997,0.0031979032554423615,2.4809051596058453,-0.2664084046411457,True
Temperature,S2,ChalML,Naive (Flat),smape,13,17.412307452801237,0.012129007611113591,19.986485340440968,-2.574177887639731,True
Temperature,S2,ChalML,Naive (Flat),mase,13,0.5540119336696312,0.00043567053251138675,0.8964593703249201,-0.3424474366552889,True
Temperature,S2,ChalML,Naive (Flat),r2,13,0.7088082709180833,0.0008427729095211572,0.6345327818839104,0.07427548903417291,True
Temperature,S2,ChalML,Naive (Seasonal),mae,13,1.7405732265960323,0.0013687727978768988,2.9654794520547947,-1.2249062254587624,True
Temperature,S2,ChalML,Naive (Seasonal),rmse,13,2.2144967549646997,0.0031979032554423615,3.727884559327345,-1.5133878043626452,True
Temperature,S2,ChalML,Naive (Seasonal),smape,13,17.412307452801237,0.012129007611113591,29.02650974591084,-11.614202293109603,True
Temperature,S2,ChalML,Naive (Seasonal),mase,13,0.5540119336696312,0.00043567053251138675,1.361385650564284,-0.8073737168946529,True
Temperature,S2,ChalML,Naive (Seasonal),r2,13,0.7088082709180833,0.0008427729095211572,0.1748117921452554,0.5339964787728279,True
Temperature,S2,ChalML,Auto-ARIMA,mae,13,1.7405732265960323,0.0013687727978768988,1.7332891814901843,0.007284045105848014,False
Temperature,S2,ChalML,Auto-ARIMA,rmse,13,2.2144967549646997,0.0031979032554423615,2.206788322702054,0.007708432262645726,False
Temperature,S2,ChalML,Auto-ARIMA,smape,13,17.412307452801237,0.012129007611113591,17.369966591434462,0.04234086136677462,False
Temperature,S2,ChalML,Auto-ARIMA,mase,13,0.5540119336696312,0.00043567053251138675,0.7957145069152377,-0.2417025732456065,True
Temperature,S2,ChalML,Auto-ARIMA,r2,13,0.7088082709180833,0.0008427729095211572,0.7108325153691734,-0.0020242444510900626,False
Temperature,S3,ChalML,Naive (Flat),mae,7,1.7437136678462954,0.0009290037178987762,1.952739726027397,-0.20902605818110165,True
Temperature,S3,ChalML,Naive (Flat),rmse,7,2.218591450728653,0.002167225850165326,2.4809051596058453,-0.2623137088771923,True
Temperature,S3,ChalML,Naive (Flat),smape,7,17.456028074883392,0.015492268312526682,19.986485340440968,-2.530457265557576,True
Temperature,S3,ChalML,Naive (Flat),mase,7,0.5550115135224345,0.0002956951987282854,0.8964593703249201,-0.34144785680248557,True
Temperature,S3,ChalML,Naive (Flat),r2,7,0.7077307478831726,0.0005707596446651783,0.6345327818839104,0.0731979659992622,True
Temperature,S3,ChalML,Naive (Seasonal),mae,7,1.7437136678462954,0.0009290037178987762,2.9654794520547947,-1.2217657842084992,True
Temperature,S3,ChalML,Naive (Seasonal),rmse,7,2.218591450728653,0.002167225850165326,3.727884559327345,-1.5092931085986918,True
Temperature,S3,ChalML,Naive (Seasonal),smape,7,17.456028074883392,0.015492268312526682,29.02650974591084,-11.570481671027448,True
Temperature,S3,ChalML,Naive (Seasonal),mase,7,0.5550115135224345,0.0002956951987282854,1.361385650564284,-0.8063741370418496,True
Temperature,S3,ChalML,Naive (Seasonal),r2,7,0.7077307478831726,0.0005707596446651783,0.1748117921452554,0.5329189557379171,True
Temperature,S3,ChalML,Auto-ARIMA,mae,7,1.7437136678462954,0.0009290037178987762,1.7332891814901843,0.010424486356111151,False
Temperature,S3,ChalML,Auto-ARIMA,rmse,7,2.218591450728653,0.002167225850165326,2.206788322702054,0.011803128026599108,False
Temperature,S3,ChalML,Auto-ARIMA,smape,7,17.456028074883392,0.015492268312526682,17.369966591434462,0.08606148344892972,False
Temperature,S3,ChalML,Auto-ARIMA,mase,7,0.5550115135224345,0.0002956951987282854,0.7957145069152377,-0.2407029933928032,True
Temperature,S3,ChalML,Auto-ARIMA,r2,7,0.7077307478831726,0.0005707596446651783,0.7108325153691734,-0.0031017674860007727,False
Temperature,S4,ChalDL,Naive (Flat),mae,9,2.311247487191559,0.17351687252619102,3.040821917808219,-0.72957443061666,True
Temperature,S4,ChalDL,Naive (Flat),rmse,9,2.985098813058775,0.19107731133259426,3.8266692122881447,-0.8415703992293699,True
Temperature,S4,ChalDL,Naive (Flat),smape,9,22.160331297425742,1.7585129916427853,29.933264958056228,-7.7729336606304855,True
Temperature,S4,ChalDL,Naive (Flat),mase,9,0.7356534445104687,0.055229171978325935,1.3959737006294335,-0.6603202561189648,True
Temperature,S4,ChalDL,Naive (Flat),r2,9,0.4689634863323766,0.07143612374595078,0.1304992772978831,0.3384642090344935,True
Temperature,S4,ChalDL,Naive (Seasonal),mae,9,2.311247487191559,0.17351687252619102,2.9654794520547947,-0.6542319648632358,True
Temperature,S4,ChalDL,Naive (Seasonal),rmse,9,2.985098813058775,0.19107731133259426,3.727884559327345,-0.7427857462685701,True
Temperature,S4,ChalDL,Naive (Seasonal),smape,9,22.160331297425742,1.7585129916427853,29.02650974591084,-6.866178448485098,True
Temperature,S4,ChalDL,Naive (Seasonal),mase,9,0.7356534445104687,0.055229171978325935,1.361385650564284,-0.6257322060538154,True
Temperature,S4,ChalDL,Naive (Seasonal),r2,9,0.4689634863323766,0.07143612374595078,0.1748117921452554,0.29415169418712117,True
Temperature,S4,ChalDL,Auto-ARIMA,mae,9,2.311247487191559,0.17351687252619102,2.2459752718261883,0.06527221536537064,False
Temperature,S4,ChalDL,Auto-ARIMA,rmse,9,2.985098813058775,0.19107731133259426,2.91680571507665,0.0682930979821248,False
Temperature,S4,ChalDL,Auto-ARIMA,smape,9,22.160331297425742,1.7585129916427853,21.587156087005503,0.5731752104202386,False
Temperature,S4,ChalDL,Auto-ARIMA,mase,9,0.7356534445104687,0.055229171978325935,1.031077286496704,-0.2954238419862353,True
Temperature,S4,ChalDL,Auto-ARIMA,r2,9,0.4689634863323766,0.07143612374595078,0.4948235376349323,-0.025860051302555698,False
Temperature,S4,ChalML,Naive (Flat),mae,13,2.338623176875628,0.025268604583151538,3.040821917808219,-0.7021987409325909,True
Temperature,S4,ChalML,Naive (Flat),rmse,13,3.0434004792913827,0.03192697536597889,3.8266692122881447,-0.783268732996762,True
Temperature,S4,ChalML,Naive (Flat),smape,13,22.427350283444355,0.28209081319247253,29.933264958056228,-7.505914674611873,True
Temperature,S4,ChalML,Naive (Flat),mase,13,0.7443669295541697,0.00804281501768388,1.3959737006294335,-0.6516067710752638,True
Temperature,S4,ChalML,Naive (Flat),r2,13,0.4499648698454095,0.011664701219960934,0.1304992772978831,0.3194655925475264,True
Temperature,S4,ChalML,Naive (Seasonal),mae,13,2.338623176875628,0.025268604583151538,2.9654794520547947,-0.6268562751791666,True
Temperature,S4,ChalML,Naive (Seasonal),rmse,13,3.0434004792913827,0.03192697536597889,3.727884559327345,-0.6844840800359622,True
Temperature,S4,ChalML,Naive (Seasonal),smape,13,22.427350283444355,0.28209081319247253,29.02650974591084,-6.599159462466485,True
Temperature,S4,ChalML,Naive (Seasonal),mase,13,0.7443669295541697,0.00804281501768388,1.361385650564284,-0.6170187210101143,True
Temperature,S4,ChalML,Naive (Seasonal),r2,13,0.4499648698454095,0.011664701219960934,0.1748117921452554,0.27515307770015407,True
Temperature,S4,ChalML,Auto-ARIMA,mae,13,2.338623176875628,0.025268604583151538,2.2459752718261883,0.09264790504943976,False
Temperature,S4,ChalML,Auto-ARIMA,rmse,13,3.0434004792913827,0.03192697536597889,2.91680571507665,0.1265947642147327,False
Temperature,S4,ChalML,Auto-ARIMA,smape,13,22.427350283444355,0.28209081319247253,21.587156087005503,0.8401941964388513,False
Temperature,S4,ChalML,Auto-ARIMA,mase,13,0.7443669295541697,0.00804281501768388,1.031077286496704,-0.2867103569425342,True
Temperature,S4,ChalML,Auto-ARIMA,r2,13,0.4499648698454095,0.011664701219960934,0.4948235376349323,-0.0448586677895228,False
