execution_quality_flag,true_count,false_count,mase_mean_true,mase_mean_false,mase_delta_true_minus_false,mannwhitney_p_value
t3_retraining_implemented,207,328,1.5021405521351814,4.473602433360995,-2.9714618812258133,1.2910878200824957e-09
t3_reads_csv,504,31,3.2157813705261797,5.081641344812717,-1.8658599742865376,1.7062166778438777e-09
code_hyperparams_match_expected,504,31,3.2157813705261797,5.081641344812717,-1.8658599742865376,1.7062166778438777e-09
t3_correct_split_80_20,467,68,3.2104027112040288,4.103332739736878,-0.8929300285328492,1.2814894634351965e-07
t3_remainder_handled,3,532,2.7885758645123366,3.3269153474452104,-0.5383394829328738,0.2206314322386317
t3_prints_forecasts,473,62,3.2846553750232963,3.6232693556188678,-0.33861398059557146,1.6218883671510697e-07
t3_uses_ground_truth,388,147,3.607918652497946,2.5742330290148683,1.0336856234830778,0.6270283410269962
code_model_matches_expected,457,78,3.486766636475176,2.3696453790414536,1.1171212574337224,0.003811735377677443
script_uses_expected_family,457,78,3.486766636475176,2.3696453790414536,1.1171212574337224,0.003811735377677443
