score,forecast_metric,spearman_rho,p_value,n
code_structure_score,mase,0.029690807597199147,0.49315767491976226,535
code_structure_score,rmse,0.008135306765423629,0.8510858235299381,535
code_structure_score,r2,-0.05053693158062512,0.243236902843184,535
turn3_score,mase,0.09437325984675471,0.02906325808991478,535
turn3_score,rmse,0.0011222139211375566,0.9793401476450785,535
turn3_score,r2,-0.11998648236263634,0.005455178321408781,535
overall_protocol_score,mase,-0.14717441162487635,0.0006382784297728318,535
overall_protocol_score,rmse,-0.049758374912747746,0.2505830382484164,535
overall_protocol_score,r2,0.1734691056884304,5.493183475661971e-05,535
